Titel,Voornaam,Patroniem en tussenvoegsel,Achternaam,Geportretteerd op,Regentes,huisvrouw (hv) van / weduwe (w) van,Functie echtgenoot in Stadsregering,Elias,Doop/geboren,te ,DTB dopen,Begraven/ overleden,te,DTB begraven,Opmerkingen
,Sara,,Hinlopen,,Amwh 1666-1687†,"w. v. Hendrik Reael (1621-1656, x1646), kap. 1650",,"dl. 1, p. 261",1623,,,1687,,,
,Elisabeth,,Dommer,,Amwh 1666-1697†,"hv. v. Cornelis Barchman Wuytiers (1627-1681, x1649)",,"dl. 1, p. 109",1628,,,1696,,,
,Hillegonda,,Muylman,,Amwh 1666-voor 1682,"hv. v. Pieter Barnoille / Barnouilli, 1666-1691† NZHh",,_,,,,,,,
,Geertruyt,,Schouten,,Amwh 1669-,hv. v. Jacob van Alderweerelt,,_,,,,,,,
,Clara,van,Bueren,,Amwh 1677-1704†,hv. v. Pieter van Alderwerelt / Alderweert,,_,,,,,,,
,Aletta Maria,,Coymans,,Amwh 1682-1722,"w. v. Carel Voet (1631-1679, x1661)",,"dl. 2, p. 765",1641,,,1687,,,
,Debora,van,Foreest,,Amwh 1685-1689,w. v. Johan Hooft (?-1690),,_,1630,,,1693,,,
,Lucretia,de,Hochepied,,Amwh 1685-1709†,"hv. v. Isaak Brayne (1608-?, x1659)",,_,1632 ca.,,,,,,
,Constantia,,Blommaert / Bloemaert,,Amwh 1688-1694,"w. v. vice-adm. Isaac Sweers (1622-1673, x1655)",,"dl 2, p. 920",1626,,,1694,,,dochter van Samuel Blommaert
,Cornelia,,Gerard / Gerards,,Amwh 1690-1715†,"w. v. Nic. van Bambeeck (1639-1671, x1663)",,"dl. 2, p. 649",1640-09-02,,,1715-01-21,,,
,Elisabeth,,Bessels,,Amwh 1693-1708†,"hv. v. Pieter van Ryn (1633-1726, x1657), Rasphuis 1669",,"dl. 1, p. 270",1634,,,1708,,,
,Louisa,,Blaeu,,Amwh 1697-1710,"w. v. Jan Geerkens (1637-1678, x1676), hv. v. Adolph Vischer (1644-1701, x1681), km. Luth.k. 1687",,"dl. 1, p. 473",1649,,,,,,
*,Wendela,van,Loon,,Amwh 1705-1732†,"hv. v. Mr. Wigbold Slicher Jr. (1659-1730, x1691), Amwh 1697-1705, luit. 1691","1705-30 R., 1707 Sch., 1719-26 S.","274 - dl. 2, p. 673",1663-07-08,,,1732-01-17,,,
,Johanna Catharina,,Soolmans,,Amwh 1709-1741†,"hv. v. Aarnout Schuyt (1663-1735, x1690), vaand. 1681, NZHh 1699-1707",,"dl. 2, p. 1018",1662,,,1742,,,
,Abigaël,van,Collen,,Amwh 1710-1719†,"w. v. Mr. Joh. van Hoorn, 1695-1707† Amwh",,_,,,,,,,
,Cornelia,van der ,Laen,,Amwh 1711-1719†,"hv. v. Mr. Willem Backer (1655-1734, x1699), vaand. 1672, km. W.K. 1708",1707 C.; 1708 R.,"284 - dl. 2, p. 688",1667,,,1719,,,
,Jakoba,,Hattingh,,Amwh 1715-1733†,"w. v. Joan Hartsinck (1653-1698, x1678)",,"dl. 2, p. 909",1656,,,1733,,,
,Emerentia,,Valckenier,,Amwh 1719-1727†,"w. v. Nicolaes Six (1662-1710, x1691), hv. v. Mr. Jacob Cornelis Backer (1675-1748, x1712)",,"dl. 1, p. 509; dl. 2, p. 586",1674,,,1727,,,dochter van Wouter Valckenier (Elias nr. 241)
,Geertruyd,,Alewijn,,Amwh 1720-1743,"w. v. Mr. Pieter Blaeu (1637-1706, x1690), hv. v. Johan Jacob de Famars (1653-1727, x1708), SJh 1690-1704; hertr. met Jan Walraven (1681-1740, x1729)",,"dl. 1, p. 473; dl. 2, p. 550 en 665",1661,,,1744,,,
,Sophia Cornelia,,Voet,,Amwh 1722-1738†,,,_,,,,,,,
,Harmina,van de ,Poll,,Amwh 1728-1743,"w. v. Jan van Ghesel (1669-1726, x1695), luit. 1698, km. W.K. 1709",1719 Sch.,"dl. 2, p. 793",1673,,,1743,,,
*,Anna Maria,van,Marselis,,Amwh 1732-1735†,"hv. v. Hendrick Tersmitten (1658-1738, x1711), km. NWK 1689",,"dl. 2, p. 844",1672,,,1735,,,
,Duyfje,van,Heuvel,,Amwh 1733-1745†,"w. v. Ernst Reepmaker (1666-1689, x1688)",,"dl. 2, p. 587",1668,,,1744,,,dochter van Isaäc van Heuvel (Elias nr. 225)
,Jacoba,,Graafland,,Amwh 1736-1749†,"w. v. Mr. Cornelis Backer (1672-1707, x1706), vaand. 1697",1706 Sch.,"dl. 1, p. 509",1683,,,1748,,,
,Johanna Eliana,,Huydecoper,,Amwh 1738-1749†,"hv. v. Mr. Nicolaas Witsen (1682-1746, x1720), km. Z.K. 1700",1702 C.; 1738 R.,"334 - dl. 2, p. 808",1690,,,1749,,,
,Rebecca Jacoba,,Valckenier,,Amwh 1742-1753†,"hv. v. Mr. Cornelis Hop (1685-1762, x1735)",1707 C.; 1720 R.,"308 - dl. 2, p. 739",1697,,,1753,,,
,Catharine,,"Grey, Lady",,Amwh 1743-1746,"w. v. Jan Willem Trip (1716-1738, x1736), km. No.K. 1733, kap. 1737; hv. v. Mr. Gilles van den Bempden (1697-1748, x1740), kap. 1720",1720 C.; 1723 R.,"313 - dl. 2, p. 691-692, 751-752",1711,,,1748,,,
,Cornelia Abigaël,van,Collen,,Amwh 1744-1766†,"w. v. Andries Adolph Deutz (1702-1739, x1730)",,"dl. 2,  632",1712,,,1766,,,
,Susanna,,Reepmaker,,Amwh 1745-1755,"hv. v. Mr. Cornelis Graafland Jansz (1686-1769, x1710)",,"dl. 1, p. 525",1688,,,1758,,,dochter van Duyfje van Heuvel
,Jacoba Elisabeth,ten ,Grootenhuys,,Amwh 1747-1767†,"hv. v. Theodore Boendermaker (1682-1720, x1710)",,"dl. 2, p. 593",1689,,,1767,,,
,Margaretha,,Bicker,,Amwh 1749-1757†,"hv. v. Mr. Cornelis Backer Jansz (1692-1766, x1720)",,"dl. 2, p. 679-680",1699,,,1759,,,
,Susanna Adriana,,Hasselaer,,Amwh 1750-1787†,"hv. v. Hendrik Hooft Gerritsz (1710-1801, x1736)",1748 Sch.,"dl. 2, p. 821",1717,,,1787,,,
,Geertruyd,,Lestevenon,,Amwh 1754-1758†,"w. v. Pieter Calkoen (1705-1747, x1738), km. 1724",1731 C.,"dl. 2, p. 775",1709,,,1758,,,
,Eva,,Raye,,Amwh 1755-1776†,"hv. v. Pieter van Loon (1700-1759, x1730), Amwh 1734-36",1730 Sch.,"dl. 2, p. 690",1710,,,1776,,,
,Anna Catharina,,Muilman,,Amwh 1757-1770†,"hv. v. Mr. Nicolaas Hendrik van Hoorn (1698-1768, x1742), SJh 1731-69",,"dl. 1, p. 333",1717,,,1770,,,
,Maria Wilhelmina,,Weveringh,,Amwh 1759-1781†,"w. v. Willem Cornelis Backer (1702-1756, x1729), 1737-39 Sph NWh; 1739-45 km. E.K.",1745 Sch.,"dl. 2, p. 688-689",1707,,,1781,,,
,Herm. Joh.,van der,Merct,,Amwh 1767-1795,,,_,,,,,,,
,Anna Emerentia,van,Broyel,,Amwh 1768-1784,"hv. v. Thomas van Son (1711-1774, x1758); hertr. met Everhard de Burlett Jr. (1731-1806, x1777)",1755 Sch./1788 C.,"dl.2, p. 790 en 954",1731,,,1784,,,
,Cornelia Jacoba,van,Schuylenburch,,Amwh 1771-1795,"hv. v. Willem van Heemskerck (1718-1784), x1766), km. A.K. 1742, kap. 1748","1744 Sch., 1753 R.","372 - dl. 2, p. 901",1727,,,1798,,,
,Clara Magdalena,du,Peyrou,,Amwh 1776-1789,"hv. v. Mr. Gerrit Hooft Gerritsz (1708-1780, x1773), km. O.K. 1728, kap. 1732",,"dl. 2, p. 820",1724,,,1796,,,
,Cornelia Jacoba,,Wolters,,Amwh 1782-1795†,"hv. v. Mr. Jacobus van de Poll (1724-1807, x1746), km. Oo.K. 1742",1746 Sec.,"dl. 2, p. 754",1726,,,1795,,,
,Maria Jacoba,,Kerckrinck,,Amwh 1785-1792†,"w. v. Jan Carel van Notten (1735-1781, x1762), km. N.WK 1761",,"dl. 2, p. 915",1736,,,1792,,,"dochter van Mr. Joan Hendrik Kerckrinck (Elias, nr. 381)"
,Geertruida Constantia,,Hooft,,Amwh 1787-1796†,"hv. v. Mr. Hendrik Nicolaas Hasselaer (1749-1810, x1774), kap. 1773",1773 C.,"dl. 2, p. 904",1749,,,1824,,,
,Anna Maria,,Rademacher,,Amwh 1789-1797,w. v. Mr. Egid. Laur. Tolling,,_,,,,,,,
,Marg.,,Beeldsnijder,,Amwh 1791-1797,hv. v. I. Tonneman,,_,,,,,,,
,Margaretha Jacoba,,Warin,,Amwh 1791-1797,"hv. v. Mr. Jacob Hooft (1742-1795, x1766), km. 1764",1767 C.,"dl. 2, p. 725",1748,,,1837,,,
,Catharina Susanna,van de,Poll,,Amwh 1793-1796,"hv. v. Mr. David Willem Elias (1758-1828, x1793)",1779 C.,"dl. 2, p. 923",1754,,,1830,,,
,Wijnanda Petron.,,Hoolwerff,,Amwh 1796†,,,_,,,,,,,
,Henrietta Regina,van,Hoorn,,Amwh 1796-1798†,"hv. v. Maarten Backer (1735-1814, x1775)",,"dl. 2, p. 689",1751,,,1798,,,
,Geertr. Const.,,Beekmans,,Amwh 1796-1799,hv. v. Arn. Anth. Beerenbroek,,_,,,,,,,
,Maria Geertruij,,Mulder,,Amwh 1796-1810,"hv. v. Hendr. Ogelwight, 1801-1809† Bg",,_,,,,,,,
,Corn.,,Brouwer,,Amwh 1797-1799,hv. v. H. Naraad,,_,,,,,,,
,Joh. Christ.,,Croeser,,Amwh 1797-1805,hv. v. I. Cuyck v. Mierop,,_,,,,,,,
,Anna Eliz.,,Schalk,,Amwh 1798-1799,,,_,,,,,,,
,Cath. Maria,van,Norden,,Amwh 1799-1807†,hv. v. P.G. Bormeester,,_,,,,,,,
,Corn.,van den,Berg,,Amwh 1799-1813†,hv. v. H. Koek,,_,,,,,,,
,Lysbeth,,Jans,,Bwh 1572-91†,,,_,,,,,,,
,Marij,,Jacob Dobbesdr,,Bwh 1577-78,"Pieter Jansz Graeff (†voor nov. 1547, x1541)",,"dl. 1, p. 62",,,,,,,
,Jannetgen,,Hermans,,Bwh 1578,Ysbrant Ysbrantsz Hem (†1573),,"dl. 1, p. 6",,,,,,,
,Brecht,,Heesen,,Bwh 1578-93,,,_,,,,,,,
,Neeltgen,,Reyers,,Bwh 1579-86†,"Adriaen Reynertsz Cromhout (ca. 1516-1588, x1556), kap. Hbd 1545, ov.m. Hbd 1546, 47, 1578 k.m. O.K.","1578-88 R. 1578, 80 B.","dl. 1 , p. 16 - nr. 6",1525,Alkmaar,,1586-05-20 O.K.,Amsterdam,,
,Eva,,Pieters,,Bwh 1579-1600,,,_,,,,,,,
,Jobgen,,Anteunis,,Bwh 1586-1610†,,,_?,,,,,,,
,Lysbeth,,Claes,,Bwh 1591-95†,,,_?,,,,,,,
,Grietge,Pietersdr,Codde,,Bwh 1594-1607†,"Jacob Claesz Bas (1536-1589), km. N.K., kap. 1578, Bwh 1579, 1588","1580 Sch., 1581 B.","dl. 1, p. 248",1538,,,1607-09-18 O.K.,Amsterdam,,dochter van Pieter Pietersz en Nelle Claesdr Boelens
,Pietertgen,,Wouters,,Bwh 1601-02†,,,_,,,,,,,
,Trijntgen,de,Wael,,Bwh 1602-29,,,_,,,,,,,
,Ybel,,Harmans,,Bwh 1604-24,,,_,,,,,,,
,Weyntgen,,Verhagen,,Bwh 1609-14,,,_,,,,,,,
,Sophia,,Foeytten,,Bwh 1611-14,Cornelis Benningh Jansz Duyvesz,1584-1617 R.; 1584 Sch.; 1601 B.,"046 - dl. 1, p. 140 ",,,,,,,
,Aechje / Aeght,Henrix / Hendricksdr,Oetgens,"1633-34 - R. 59 - J. Backer Bwh, nr. 1",Bwh 1615-39†,"Barthold Cromhout Adriaensz (1550-1624, x1578), kap. 1578","1588 Sch., 1605 R.","81 - dl. 1, p. 268",1561,,,1639,,,
,Cornelia,,Michiels,,Bwh 1616,,,_,,,,,,,
,Maria,van,Baserode,,Bwh 1618,,,_,,,,,,,
,Dieuwertgen,,Bicker,"1633-34 - R. 59 - J. Backer Bwh, nr. 2",Bwh 1624-41,"Jan Jansz van Hellemont (1573-1617, x1608)",,"dl. 1, p. 485",1584,,,1641,,,dochter van Gerrit Pietersz Bicker (Elias nr. 57)
,Annetje,Willem,Backersdr,"1633-34 - R. 59 - J. Backer Bwh, nr. 3",Bwh 1626-39†,"Joris Jorisz (1568-1621, x1592), Bwh 1595-1597, kap. 1616","1597 Sch., 1604 R.","75 - dl. 1, p. 245",1572 (DvH : 1574),,,1639,,,
,Aefgen,,Vrancken / Ruysch,"1633-34 - R. 59 - J. Backer Bwh, nr. 4",Bwh 1630-46,"Jacob Florisz Cloeck (1569-1611, x1590), SJh 1599-1611, luit. ca. 1608? (zie S. 62)",,"dl. 1, p. 397",1572 (Elias: 1575),,,1651,,,
,Jannetge,,Willem Hoofts,,Bwh 1640-42†,,,,,,,,,,
,Hillegonda,van,Baersdorp,,Bwh 1640-55,"Rombout Jacobsz de Jonge (1585-1652, x1616), 1619-40 Dh, 1636 km. O.K. (zie S. 71)",1638 C.,"dl. 1, p. 81",1594,,,1661,,,
,Giertje / Geertruyd,Claesdr,Bas,,Bwh 1642-53,"w. v. Gerrit Pietersz Hasselaer (1594-1620, x1618); Dr. Albert Bas (1598-1650, x1649), 1645 kap. (zie S. 86)","1629 Sch.,1638-50 R., 1647 B. (AB)","dl. 1, p. 206 (GPH); 137 - dl. 1, p.414 (Bas)",1594,,,1654,,,
,Aefge / Eva,de,Vlaming van Oudtshoorn,,Bwh 1642-72†,"Willem Muylman (1590-1670, x1624)",,"dl. 1, p. 864-865",1596,,,1672,,,dochter van Pieter de Vlaming (Elias nr. 69)
,Grietge / Margareta,Dircksdr,Bas,,Bwh 1647-74†,"Nicolaes Corver (1589-1654, x1635), 1634-45 SJh","1646 Sch., 1650-53 B., 1651-54 R.","162 - dl. 1, p. 470",1600,,,1674 [Elias: 27 april; check '26 september 1674'],,,dochter vam Dirck Jacobsz Bas (Elias nr. 76)
,Brechtge / Bregitta,,Spiegel / Spiegels,,Bwh 1654-67,"Ridder Dr. Willem  Backer (1595-1652, x1627), kap. 1626","1626 C., 1631 Sch., 1625-52 R., 1639-51 B.","117 - dl. 1, p. 364",1606,,,1668,,,dochter van Laurens Jansz Spiegel (Elias nr. 91)
,Belijtge / Belige,de,Vrij,,Bwh 1656-75,"Dr. Roetert Ernst (1616-1685, x1657), 1643 NZHh, 1650 luit., 1653 kap., 1670 kol.","1644 C., 1653 Sch., 1653-72 R.","172 - dl. 1, p. 488",1606,,,1676,,,
,Debora,,Blaeuw,"1683 - R. 61 - A. Backer Bwh, nr. 1",Bwh 1668-1702†,"w. v. Bartholdus Wormskerck (1627-vóór 1658, x1649); w. v. Joan Oetgens van Waveren (1613-1670, x1658), luit. 1646; w. v. Joannes Hudde (1628-1704, x1673), luit. 1663, km. O.K. 1666","1659 Sch. (Oetgens); 1668 Sch, 1667 R. (Hudde)","dl. 1, p. 125; 184 - dl. 1, p. 509; 197",1629,,,1702,,,
,Maria,van,Watenburg [check],,Bwh 1673-79†,,,_,,,,,,,
*,Maria,,Munter,"1683 - R. 61 - A. Backer Bwh, nr. 2",Bwh 1674-88†,"w. v. Isaäc Jan Nys (1625-1690, x1668), OMVGh 1671-81 (zie R. 7)",1681 C.,"dl. 2, p. 645-646",1637,,,1688,,,dr. van burg. Joan Munter (1611-1685)
,Catharina,van ,Heyningen,"1683 - R. 61 - A. Backer Bwh, nr. 3",Bwh 1676-95†,"Cornelis Valckenier (1640-1700, x1669), SJh 1676-78","1676 Sec., 1678 R.","221 - dl. 2, p. 584-585",1651,,,1695,,,
*,Maria,van der,Merct,"1683 - R. 61 - A. Backer Bwh, nr. 4",Bwh 1679-1719†,"Henrick van Gent (1635-1678, x1667), Sph NWh 1673-78; hertr. Cornelis Calkoen (1639-1710, x1694), luit. 1672, km. W.K. 1684","1696 Sch., 1700 R. (Calkoen)","dl. 1, p. 315; nr. 263 - dl. 2, p. 653-654",1638-08-04,,,1719-08-24,,,
,Catharina,,Hochepied,,Bwh 1689-1728†,"hv. v. Mr. Nicolaes Witsen (1641-1717, x1674), 1668 km. Z.K., 1672 kap.","1672 C., 1673 Sch., 1670-1717 R., 1682-1705 B.","204 - dl. 1, p. 544-545",1654,,,1728,,,
,Catharina,,Laurentius,,Bwh 1698-1727†,"hv. v. Mr. Dirk Munter (1648-1701, x1674), 1650 vaand., 1656 luit., 1675 kap., 1686 kol.","1674 C., 1677 Sch., 1692-1701 R., 1698-1700 B.","250 - dl. 2, p. 625",1654,,,1727,,,
,Sara,,Hinlopen,,Bwh 1707-31,"hv. v. Mr. Jacob Bicker Henricksz (1642-1713, x1695), 1667 vaand., 1671 luit., 1684 kap., 1673 km. Z.K.","1675 C., 1683 Sch., 1701-13 R.","267 - dl. 2, p. 659",1660,,,1749,,,
,Elizabeth,,Tiellens,,Bwh 1715-24†,"w. v. Benjamin Pouille (1646-1711, x1675), hv. v. Mr. Jan Trip (1664-1732, x1713), 1680-81 SJh, 1687 luit., 1688 kap.","1706 Sch., 1703-11 R. (BP); 1686 C., 1696 Sch., 1707-31 B., 1709-32 R. (JT)","272 - dl. 2, p. 670-671 (BP); 286 - dl. 2, p. 690-691 ",1652,,,1724,,,"dochter van Michiel Tiellens (Elias, nr. 208)"
,Aagje / Agatha,,Hooft,,Bwh 1719-39,"hv. v. Aegidius van den Bempden (1667-1737, x1704), 1695-99 NZHh, 1698 kap.","1699 Sch., 1719-35 B.","dl. 2, p. 664",1674,,,1739,,,"dochter van Mr. Gerrit Hooft (Elias, nr. 227)"
,Hester,van der,Giessen,,Bwh 1725-36†,,,_,,,,,,,
,Ester Elizabeth,,Tulp,,Bwh 1728-48†,"w. v. Mr. Jan van den Bempden (1661-1722, x1694)","1688 Secr., 1702 Sch., 1702-22 R.","270 - dl. 2, p. 663",1678,,,1769,,,
,Geertruid,de,Vroede,,Bwh 1731-46†,"w. v. Abraham Lestevenon (1665-1728, x1700), 1702-11 SJh, 1702 kap., 1711 km. W.K.",,"dl. 2, p. 714",1681,,,1745,,,"dochter van Mr. François de Vroede (Elias, nr. 238)"
,Catharina Cornelia,,Backer,,Bwh 1737-48,"hv. v. Mr. Henrick Bicker (1682-1738, x1723); hertr. Mr. Willem Munter (1682-1759, x1739), 1710 kap.","1711 Sch., 1714-38 R., 1737 B. (HB); 1703 C., 1708 Sch., 1709-48 R., 1726-47 B. (WM)","295 - dl. 2, p. 704 (HB); 288 - dl.  2, p. 693-694 (WM)",1688,,,1758,,,
,Maria Henrietta,van de ,Poll,,Bwh 1740-48,"hv. v. Mr. Willem Sautijn (1703-1743, x1726), 1727 kap.","1722 C., 1730 Sch.","dl. 2, p. 662",1707,,,1787,,,
,Catharina,,Trip,,Bwh 1746-48,"hv. v. Gillis van Hoven (1683-1753, x1727), 1712 kap.","1728 Sch., 1729-48 R.","320 - dl. 2, p. 768",1701,,,1773,,,
,Maria Susanna,van,Collen,,Bwh 1748-55†,"hv. v. Mr. Job de Wildt (1697-1755, x1730), km. Z.K.",,"dl. 1, p. 394",1706,,,1754,,,"dochter van Ferdinand van Collen (elias, nr. 333)"
,Elizabeth,,Buys,,Bwh 1748-70†,"hv. v. Elias Schellinger (1717-1772, x1744), 1743-44 km. N.W.K., 1744 kap. ","1744 Sch., 1744-72 R.","345 - dl. 2, p. 828-829",1722,,,1770,,,
,Sophia Maria Agatha,van der,Muelen,,Bwh 1748-93†,"hv. v. Mr. Jan Huydecoper (1693-1752, x1733), 1719 kap., 1723-24 Bg","1724 C., 1725 Sch., 1744-52 R., 1749 B.","346 - dl. 2, p. 829",1705,,,1793,,,
,Sara Jacoba,van,Ghesel,,Bwh 1749-66,"w. v. Alb. van der Merct (1693-1746, x1721), 1720-23 Bwh","1723 C., 1724 Sch.","dl. 1, p. 314",1696,,,1776,,,
,Adriana Margaretha,van,"Marselis, Vrouwe van Hoogersmilde",,Bwh 1755-63†,"hv. v. Henry Clifford (1711-1787, x1742), 1746 km. E.K., 1757 km. W.K.",,"dl. 2, p. 884-885",1723-05-11,,,1763-11-01,,,
,Agatha Hieronima,,Nobel,,Bwh 1764-77,"hv. v. Mr. Pieter Cypriaan Testart (1717-1798, x1745)",1761-73 Secr.,"dl. 2, p. 678",1728,,,1822,,,
,Anna ,,Wolters,,Bwh 1766-73,"hv. v. Jan Clifford (1710-1772, x1737), 1734 vaand., 1736 luit., 1743 kap.","1743 Sch., 1768 B.","dl. 2, p. 883",1717,,,1789,,,
,Barbara Maria,,Fabricius,,Bwh 1771-87,"hv . v. Mr. Fredrick Alewijn (1737-1804, x1768)","1758 C., 1762 Sch., 1767-95 R., 1789, 93 B.","391 - dl. 2, p. 929-930",1744,,,1805,,,
,Johanna Cornelia,de,Bas,,Bwh 1773-83,"hv. v. Andries Hartsinck (1720-1788, x1747), 1742 kap. ter zeeextra-ord., 1751 ord.",,"dl. 2, p. 910-911",1721,,,1787,,,
,Geertruida Constantia,,Hasselaer,,Bwh 1777-89,"hv. v. Mr. Nicolaas Tersmitten (1746-1809, x1772), 1771 kap., 1773 km. Oz.K., 1777-88 Sp Nwh, 1789 km. N.K.",,"dl. 2, p. 843",1746,,,1794,,,"dochter van Mr. Pieter Cornelis Hasselaer (Elias, nr. 374)"
,Regina,,Martens,,Bwh 1783-86†,"w. v. Mr. Jan Elias Buys (1723-1763, x1750)","1740 Secr. Des. Boedelkamer, 1759 Sch.","dl. 2, p. 718-719",1720,,,1786,,,
,Margr.,van,Loon,,Bwh 1787,"w. v. Mr. Abraham Muyssart (1748-1780, x1772), 1770 km. A.K.; hv. v. Mr. Joan Geelvinck (1737-1802, x1784), 1756 km. No.K.",1773 Sch. (AM),"dl. 2, p. 685 (AM); p. 826 (JG)",1754,,,1801,,,
,Johanna Wijnanda,de,Ruever,,Bwh 1787-89,"hv. v. Dr. Johan van Alphen (1720-1788, x1784) Amwh 1751-1788† (zie R. 18), CM 1771-88",,"dl. 2, p. 844-845",1733,,,?,,,
,Sara Johanna,,Vultejus,,Bwh 1788-96,"w. v. Mr. Adriaan Isaac Valckenier (1731-1784, x1756)","1753 C., 1760 Sch.","dl. 1, p. 480",1735,,,1804,,,
,Magdalena Antonia,van de,Poll,,Bwh 1789-95,"hv. v. Archibald Hope (1747-1821, x1774)",1789 Sch.,"dl. 2, p. 940",1748,,,1808,,,
,Agnes Maria,,Dedel,,Bwh 1789-96,"hv. v. Mr. Joan Cornelis van der Hoop (1742-1825, x1771)",,"dl. 2, p. 973",1753,,,1800,,,"dochter van Mr. Salomon Dedel (Elias, nr. 344)"
,Johanna Maria Elisabeth,,Strick van Linschoten,,Bwh 1793-96,"hv. v. Mr. Ferdinand van Collen (1733-1788, x1779), 1750 km. N.W.K.",,"dl. 2, p. 899",1737,,,1803,,,
,Jac. Reiniera,,Boom,,Bwh 1796-1804†,w. v. Jan Everwijn,,_,,,,,,,
,Cath. Hel.,,Bardon,,Bwh 1796-1807†,hv. v. Paul van Driest,,_,,,,,,,
,Maria,van,Egten,,Bwh 1796-1810†,hv. v. Dan. Bleeker,,_,,,,,,,
,Maria,,Wend,,Bwh 1796-1811,hv. v. Jac Gordon,,_,,,,,,,
,Sib. Hel.,,Bruyn,,Bwh 1807-11,hv. v. Jan Bruyn Jacobsz,,_,,,,,,,
,Sophia Eliz.,,Backer,,Bwh 1810-11,,,_,,,,,,,
,Sara Joh.,,Valckenier,,Bwh 1810-11,,,_,,,,,,,
,Ursula,van,Bergen,,Dh 1673-voor 1689,"hv. v. Jacob Tymonsz Hinlopen Vermaes (1616-1685, x1653), 1650 luit., 1652 Amh, 1655-76 Rh",1675 C.,"dl. 1, p. 310",1625,,,1683,,,
,Machtelt,de,Visser,,Dh 1678-1697†,w. v. kap. Corn. van Hoogenhouck,,_,,,,,,,
,Maria,van de,Poll,,Dh 1684-1706†,"w. v. Mr. Isaäc van Heuvel (1640-1686, x1663), 1672 kap.","1663 C., 1679-86 R., 1681 Sch.",225 - p. 586-587,1642,,,1706,,,dochter van Jan van de Poll (nr. 152)
,Rebecca Jacoba,,Ranst,,Dh 1698-1714†,"hv. v. Joannes Nicolaesen Abo, Deens consul (1646-1707, x1679)",,"dl. 1, p. 543",1648,,,1714,,,
,Joh.,,Verhoutert,,Dh 1707-1714†,,,_,,,,,,,
,Sabine Agnes,d',Acquet,,Dh 1714-1724,hv. v. kap. Arend van Buren,,_,,,,,,,
,Maria,,Kuysten,,Dh 1715-1755†,"hv. v. Leonard van Hoesen (1678-1746, x1711), Dh 1712-13, Bwh 1713-19 (zie R. 62)",1719 Sch.,"dl. 2, p. 900",1673,,,1755,,,
,Cath.,van,Papenbroeck,,Dh 1719-1740†,hv. v. Mr. Sim. Emtinck,,_,,,,,,,
,Agneta,,Chitty,,Dh 1725-1759†,"hv. v. Mr. Theodorus Huyghens (1675-1740, x1708)","1715 Sch., 1720-40 R.","307 - dl. 2, p. 735-736",1681,,,1759,,,
,Kniera,,Veen,,Dh 1740-1749,"hv. v. Chr. van Westerhoff (1672/73-1744), 1708-1744† Amwh (zie R. 17)",,_,,,,,,,
,Maria,de,Flines,,Dh 1750-1766†,w. v. Jan de Clercq,,_,,,,,,,
,Anna Jacoba,van,Hemert,,Dh 1755-1779†,"hv. v. Mr. Gerard Kuysten van Hoesen (1713-1757, x1744), Sp NWh 1739-46 (zie R. 45)",1746 Sch.; 1752-57 R.,"371 - dl. 2, p. 899",1714,,,1779,,,
,Sara,,Amsincq,,Dh 1762-1791,"hv. v. David Jacob van Eys (1716-1790, x1746), km.E.K.",,"dl. 2, p. 862",1722,,,1797,,,
,Jacoba,,Borst,,Dh 1768-1780†,"w. v. Nic. de Ruyter, 1748 luit., kap. 1748-58",,_,,,,,,,
,Sara Catharina,van der,Poel,,Dh 1780-1783†,w. v. Jacob Glimmer,,_,,,,,,,
,Ida Marg.,van,Zeebergh,,Dh 1781-1790,hv. v. Mr. I.M. Barels,,_,,,,,,,
,Geertruida Constantia,,Hooft,,Dh 1784-1787,"hv. v. Mr. Hendrik Nicolaas Hasselaer (1749-1810), kap. 1773","1773 C., 1776 Secr.","dl. 2, p. 904",1749,,,1824,,,
,Alida Maria,à,Meynsma,,Dh 1787-1789†,"hv. v. Joh. Commelin, 1788-92 km. E.K.; Bwh 1792-1793†",,_,,,,,,,
,Joh. Eliz.,,Roeters,,Dh 1790-1791†,"hv. v. Jan Rijser Jr., 1783-1789 Lh; 1789-95 km. Oo.K.",,_,,,,,,,
,Cath. Jac.,d',Arnaud,,Dh 1791-1793,"hv. v. Berth. Justus Doornik, Lh 1793-1798",,_,,,,,,,
,Cath.,,Bentink,,Dh 1791-1793,hv. v. N. Obbes,,_,,,,,,,
,Oopje,,Hendrickx,,Gh 1605(-10†?),"hv. v. Jacob Pietersz Coppit (b. 1629),  SJh 1590-1592; km. O.K. 1614",1591-1629 R.; …,"059 - dl. 1, p. 188 ",1541,,,1610,,,
,Jannetje,,Leenders,,"Gh 1605 of erna, voor 1636",hv. v. Jacob de Graeff,1602 Sch.?,,,,,,,,
,Grietje,Willem,Backers,,"Gh 1605 of erna, in of voor 1624†","hv. v. Cornelis Jorisz (1564-1599, x1588), Bwh 1597","1591-94 C.E.; 1596, 98 Sch.; 1596-99 R.","070 - dl. 1, p. 237 ",1571,,,1624,,,
,Luijdewijn,,Oetjens,,"Gh 1605 of erna, voor 1615","hv. v. Willem Pauw (1582-1615, x1607), km. Z.K. 1611",,"dl. 1, p. 12",1584-07-06,Amsterdam,,1624-08-16 of 25,,,
,Anna,,Harmans,,"Gh 1605 of erna, voor 1636","w. v. Aert Tholincx ('N. Teulingh')(Den Bosch 1548-1600, x1584)",,"dl. 1, p. 366",,,,,,,
,Maria,,Jansdr,,"Gh 1605 of erna, voor 1636",w. v. N. Marsijs,,,,,,,,,
,Weyntge,,Oetgens,,Gh 1636,"w. v. Pieter Reael (1569-1643, 1604), Bg 1607, 1608, luit. 1620, o.m. Kd 1636",1609 Sch.,"dl. 1, p. 260-261",1583-06-02,Amsterdam,,1664-04-25,,,
,Weijntje,Francen,Ruys,,Gh 1636,"w. v. Jan Thomasz Croonenburgh (? Alkmaar-1614), Bwh 1579-1583; w. v. Jaspar Cornelisz Lodder (Breda 1576-1624, x1615), SJh 1616","1583-86, ... C.H.; 1587, 1587 Sch.; 1591-1614 R. ; …","060 - dl. 1, p. 138 en 191 ",1575,,,1630-05-18,,,
,Annetje,de,Vrij,,Gh 1636,"w. v. Dirck Pietersz [broer van Nicolaes; in lijst foutief: 'Pieter Tulp'] (1588-1617, x1614)",,"dl. 1, p. 350",1593,,,,,,
,Machtelt,Jansdr,Huydecoper,,Gh 1636,"w. v. Gerrit Willemsz Kieft (1571-1622, x na 4 feb. 1595)",,"dl. 1, p. 187",1573,,,1647,,,"dochter van Jan Jacobsz Bal, alias Huydecoper (Elias nr. 32)"
,Aeltje,,Claes,,Gh 1636,"w. v. Hendrick Tholingh (1573-?, x 1603),  OMVGh 1617-1618 (zie R. 5), km. N.K. 1627",,"dl. 1, p. 366",1575,,,,,,
,Clara,Coenraedts,[Burgh],,Gh 1636,"w. v. Albert Velecker [lijst: Felekens] (1582-1635, x 1618), km. O.K. 1618, luit. 1626",,"dl. 1, p. 159",1589-06-13,,,1653-08-31,,,dochter van Coenraet Matthijsz Burgh
,Geertruijt / Truijtjen,[Jelisdr],Valckenier,,Gh 1645,_,,,1597-05-16,Amsterdam,,,,,
,Hendrickje / Heinrickje,[Jacobsdr],Wilckens / Willekes,,Gh 1647,"hv. v. Jacob Jansz Lansman (Medemblik c. 1589-na 25-3-1648, x1616), Sph 1639, Bwh 1640, 1641",,,1590 ca.,,,in of na 1647,,,dochter van Jacob Willekes (Elias nr. 141)
,Trijntje,Franse,Ruijs,,Gh 1648,"hv. v. Willem Weijntjes (1581-1661, x 1616), OMVGh 1625-1661 (zie R. 6)",,"dl. 1, p. 12",1589-01-08,,,,,,
,Maria,,Witsen,,Gh 1653-70,"w. v. Gerrit Hendricksz Hudde (1595-1647, x1618), 1620 km. N.K. (zie S. 83) [in lijst foutief: Hendrick Hudde]",1623 C.,"dl. 1, p. 161-162",1597,,,1683,,,
,Adriaentje,van,Linburgh,,Gh 1653 (volgt man op),"w. v. Hendrick van Bronckhorst, Bg 1637-1643",1644 C.; 1654 Secr.,,,,,,,,
,Anna,van,Hoorn,,Gh 1655-68†,"hv .v. Cornelis van Vlooswijck (1601-1687, x1634)","1651 C.Z.; 1652 Sch.; 1653-55 C.H.; 1653-87 R.; …; 1656, 57, 60, 61, 66, 68, 69, 71 B.","168 - dl. 1, p. 482 ",1608,,,1668-10-18 (Elias: 1666),,,
,Johanna ,,Visschers,,Gh 1657-1676†,"w. v. Gerrit Schaep Pietersz (1599-1655), Bwh 1631-1634 (zie R. 58)",1633-37 C.E.; 1638 Sch.; 1638-55 R.,"138 - dl. 1, p. 415 ",1604,Zevenbergen,,1676-09-20,,,
,Johanna,van der,Hoeven / Houve,,Gh 1663-93†,"hv. v. Mr. Cornelis Cloeck (1622-1693, x1656), 1669 kap.","1659 C., 1660 Sch., 1681-93 R.","232 - dl. 2, p. 593-594",1624,,,1693,,,
*,Sara,,Munters,,Gh 1666-1704†,hv. v. Lucas Scholten (x1653),,_,1631,,,1704,,,"dr. van burg. Joan Munter (1611-1685 - Elias dl. 2, p. 626)"
,Ludewina,Pietersdr,Reael [lijst: Riaals],,Gh 1668-76† (volgt moeder op),"w. v. Johannes Rombouts (1631-1672/'74, x1656-2) of (1607/17-1667),  km. N.K. 1657 (zie S. 85)",,,1626,,,1676-10-03,,,dr. van Pieter Jansz Reael; Rombouts zoon van Rombout Kemp
,Cornelia,van,Vlooswijck,,Gh 1668-77† (volgt moeder op),"hv. v. [Pieter] Melis [Jansz, Heer van den Lande en Vrijheid] van Saftingen [lijst: Safting] (Gent 1625-?, x 1654)",,"dl. 1, p. 483",1635-10-04,Amsterdam,,1677-12-21,Amsterdam,,dr. van Cornelis van Vlooswijck (Elias nr. 168)
,Geertruyd,,Hooft,,Gh 1670-1709†,"w. v. Michiel Pancras (1623-1666, x1650), 1650 vaand.; hv. v. Dirck de Vlaming v. Oudtshoorn (?-1681), 1665 kap., Lh 1668-72; hertr. Jacob Rotgans (1633-1696, x1682)","1648 C.; 1657 Sch. (Pancras); 1676 C., Sch. 1681 (Vl.v.O.)","dl. 1, p. 171 (Rotgans), p. 230-231 (Vl.v.O.), p. 403 (MP)",1633,,,1709,,,
,Anna,,Bicker,,Gh 1676-77†,w. v. Johan van Sijpesteijn,,,,,,1677,,,
,Cornelia,,Hunthum,,Gh 1670-1712,"hv. v. Adriaen van Loon (1631-1722, x1656), km. E.K. 1659, 1671 luit., 1681 kap.",1671 C.,"dl. 1, p. 484-485",1634,,,1721,,,
,Anna,,Hasselaer,,Gh 1676-89†,"hv. v. Mr. Pieter van Dam (1621-1706, x1666)",,"dl. 1, p. 206",1626,,,1689,,,
,Breghje,,Hooft,,Gh 1676,w. v. Harmen van der Pol (1641-1673) (zie S. 90 en S. 91),1661 Secr.,"dl. 1, p. 445",1640,,,1721,,,
,Geertruyd,,Spiegels,,Gh 1678-1701†,"hv. v. Mr. Nicolaes Listingh, km. OK 1665-1705†",,_,,,,,,,
,Brigitta,,Geelvinck,,Gh 1689-1721†,"hv. v. Mr. Albert Bentes (1643-1701, x1669), km. N.K., vaand, 1668, luit. kap.",1675 Sch.,"dl. 1, p. 476",1651,,,1721,,,
,Baltina,,Coymans,,Gh 1694-1709†,"w. v. Jan Bernard (1634-1682, x1662), km. O.K. 1676",,"dl. 2, p. 610-611",1642,,,1709,,,
,Elisabeth,,Backer,,Gh 1702-18†,"w. v. Mattheus Lestevenon (1633-1693, x1666), 1683 luit.",,"dl. 2, p. 713-714",1644,,,1718,,,
,Haasje,,Hooft,,Gh 1705-12†,"w. v. Mr. Cornelis van Bambeeck (1648-1705, x1673), kap. 1677","1678 Sch., 1705 B.","dl. 2, p. 650",1652,,,1712,,,
,Aletta Maria,,Pancras,,Gh 1709-21†,"w. v. Carel Gerards, vaand. 1676-79",,_,,,,,,,
,Cornelia,van ,Strijen,,Gh 1710-45†,"hv. v. Mr. David de Wildt (1662-1729, x1693)",,"dl. 1, p. 393-394",1675,,,1745,,,
,Jacoba Margaretha,,Klopper,,Gh 1712-19†,"hv. v. Mr. Jacobus Trip (1671-1728, x1697), Dh 1694-98, luit. 1698",1698 C.,"dl. 2, p. 555",1671,,,1719,,,
,Joanna,van,Ghesel,,Gh 1712-29,"w. v. Geldoph Kick (1657-1693, x1684); w. v. Thomas Boddens (1666-1708, x1697); hv. v. Mr. Willem van Harn (1659-1716, x1709), vaand. 1690, luit., kap., Sph NWh 1694-1705 - Boonen (SA 988); hertr. Mr. Abraham Mattheus Coolbrant (1685-1732, x1718), km. NZK; hertr. Gerbrand Claas du Fay (1689-1757, x1738)","1705 C., 1709 Sch. (vHarn)","dl. 2, p. 629 (Boddens), p. 732 (Kick), p. 792 (vHarn), p. 749-750 (dFay)",1667,,,1742,,,
*,Elisabeth,,Lestevenon,,Gh 1719-29,hv. v. Mr. Willem Buys (1661-1749),,"dl. 2, p. 718",1671,,,1747,,,
,Margaretha,,Rendorp,,Gh 1719-30†,"hv. v. Mr. Jan van de Poll (1668-1745, x1696), luit. 1695, kap. 1703","1698 Sch., 1718-44 B.","dl. 1, p. 445",1673,,,1730,,,
,Apollonia,,Rendorp,,Gh 1721-57†,"hv. v. Balthasar Boreel (1673-1744, x1720)","1709 Sch., 1725-44 R.","317 - dl. 2, p. 759",1682,,,1757,,,
,Wendela Eleonora,,Reael,,Gh 1721-68†,"hv. v. Mr. Willem Sautijn (1678-1731, x1709), 1719 kap., 1720 kol.",1704 C.,"dl. 2, p. 575-576",1688,,,1768,,,
*,Bregitta,,Lestevenon,,Gh 1729-32,"w. v. Berend Willem Ploos van Amstel (?-1721, x1705)","sch., R. en B. te Utrecht","dl. 2, p. 714",1668,,,1747,,,
,Constantia,,Hop,,Gh 1730-48,"hv. v. Mr. Johan Ortt (1685-1740, x1715)","1725 C., 1732 Sch.","dl. 2, p. 998",1690,,,1748,,,
,Anna,de,Haze,,Gh 1731-61†,"w. v. Gillis Graafland (1689-1727, x1710); hv. v. Mr. Lieve Geelvinck (1676-1743, x1730), 1704 kap.","1712 C., 1715 Sch., 1714-27 R. (Graafland); 1701 C., 1704 Sch., 1708-43 R., 1720-43 B. (Geelvinck)","297 - dl. 2, p. 706 (Graafland); nr. 283 - dl. 2, p. 687 (Geelvinck)",1690,,,1761,,,
,Margaretha,,Trip,,Gh 1745-48,"hv. v. Mr. Harman Henrik van de Poll (1697-1772, x1720), vaand. 1718, 1719 kap., 1735 kol.","1719 C., 1725 Sch., 1723-48 R., 1745 B.","314 - dl. 2, p. 752",1699,,,1778,,,
,Sara,,Munter,,Gh 1748-58†,"hv. v. Mr. Jan Wolters (1683-1757, x1715), km. O.K. 1719",1720 Sch.,"dl. 1, p. 517",1691,,,1758,,,dochter van Mr. Cornelis Munter (nr. 266)
,Sara Maria,,Witsen,,Gh 1749-69†,"hv. v. Nicolaas van Strijen (1700-1757, x1727)",,"dl. 2, p. 638",1707,,,1769,,,dochter van Nicolaas Witsen (nr. 334)
,Geertruyd,de,Smeth,,Gh 1749-80,"hv. v. Harman van Ghesel (1701-1787, x1726)","1725 C., 1734-83 R., 1743 Sch.","327 - dl. 2, p. 791",1704,,,1780,,,
,Cath. Corn.,,Temminck,,Gh 1758-82†,"w. v. Mr. Hieronimus Slicher (1689-1755, x1726)",,"dl. 2, p. 675",1696,,,1782,,,
,Joh. Sara,,Pels,,Gh 1759-91†,"w. v. Mr. Jan Bernd Bicker (1695-1750, x1720), 1738 kap.","1714 C., 1717 Secr., 1739 Sch.","dl. 1, p. 360-361",1702,,,1791,,,
,Constantia,,Hooft,,Gh 1762-88†,"w. v. Mr. Nicolaas Witsen Jonasz (1707-1739, x1735), km. W.K. 1729",1730 C.,"dl. 1, p. 440",1715,,,1788,,,dochter van Gerrit Hooft (nr.341)
,Sophia,,Huydecoper,,Gh 1768-98†,"w. v. Mr. Jan Boudaen (1735-1768, x1762)",R. te Middelburg,"dl. 2, p. 801-802",1739,,,1801,,,dochter van Mr. Jan Huydecoper (nr. 346)
,Maria Catharina,,Berewout,,Gh 1769-73†,"w. v. Jacobus Trip (1723-1756, x1748), 1748 kap.",1739 Sch.,"dl. 2, p. 556",1725,,,1773,,,
,Laurentia Clara Elisabeth ,van,Haeften,,Gh 1774-98,"w. v. Mr. Albert Fabricius (1736-1772, x1763); hv. v. Mr. Pieter Cornelis Hasselaer (1720-1795, x1773), 1740-46 Bwh; hertr. Mr. Joan Graafland Pietersz (1733-1821, x1800)","1768 R. te Haarlem (Fabricius); 1746 C., 1749 Sch., 1754-55 R., 1773-94 B. (Hasselaer); 1763 C., 1772 Sch., 1773-95 R. (Graafland)","dl. 2, p. 660 (Fabr.); 374 - p. 903-904 (Hasselaer); 400 - p. 946 (Graafland)",1747,,,1819,,,
,Anna Elisabeth,van,Marselis,,Gh 1781-98,"hv. v. Aarnout van Lennep (1718-1791, x1754)",,"dl. 2, p. 967-968",1733,,,1813,,,
,Hieronima Johanna,,Testart,,Gh 1783-99,"hv. v. Quirijn Wilhelm van Hoorn (1730-1797, x1771)","1756 C., 1759 Sch. 1782 B.","dl. 1, p. 333-334",1749,,,1817,,,
,Anna Jacoba,,Geelvinck,,Gh 1789-93†,"hv. v. Abraham Dedel (1732-1798, x1755), km. A.K. 1755","1760 C., 1762 Sch., 1788 B.","dl. 2, p. 682-683",1736,,,1793,,,
,Anna Maria,van de,Poll,,Gh 1792-93†,"hv. V. Mr. Lieve Geelvinck (1757-1783, x1777), 1777 kap.",1777 C.,"dl. 2, p. 825-826",1757,,,1793,,,
,Anna Maria,,Backer,,Gh 1793-98,"hv. v. Mr. Pieter van de Poll (1755-1809, x1780), km. E.K. 1779, kap. 1784",,"dl. 2, p. 922",1762,,,1847,,,
,Anna Adr.,,Balde,,Gh 1796-1801,"hv. v. Mr. Hendrik Huyghens (1755-1838, x1781)",1780-95 Secr.,"dl. 2, p. 738",1764,,,1826,,,
,Lysbeth,Jansdr,Malksz,,Lh 1625 (lijst) 1624-1641,,,,,,,,,,
,Tryntie,ten / van den,Bergh,"1624 - R. 20 - vdValckert Lh, nr. 1",Lh 1624-1625,,,_,,,,,,,
,Tryntie,,Meelinx,"1624 - R. 20 - vdValckert Lh, nr. 3",Lh 1624-1629,,,_,,,,,,,
,Anna ,,Willekens / Willikens,"1624 - R. 20 - vdValckert Lh, nr. 2",Lh 1624-1628,"Hendrick Huybertsz? (Kam 1968, p. 32) / Thomas Howkins/ Wolfaert van Bijlaer (x1594)",,_,,Antwerpen,,,,,http://research.frick.org/montiasart/browserecord.php?-action=browse&-recid=21136 (inclusief literatuurverwijzingen)
,Grietje,[Cornelisdr],Hooft,,Lh 1629-1638,"w. v. Herman Tholincx (1590-1627, x1610), km. N.K. 1627; hertr. Jan Hagen",,"dl. 1, p. 366-367",1590-01,,,1639-09-05,,,dochter van C.P. Hooft (Elias nr. 49) en Anna Blaeu
,Haesgen,Hendricksdr,Houtloock,,Lh 1629-1645,"Hendrick Haeck alias Hendrick Willemsz Hooft (1584-1626, x1611), Amh 1613, Bg 1623-1625",,"dl. 1, p. 151",1589,,,,,,
,Aeghje,[Cornelisdr],Hooft,,Lh 1638-1642,"Pieter Pietersz Hasselaer (1583-1651, x1608) Bwh 1612-1615; km. No.K. 1623-26; serg. 1610-12 (zie S. 63), luit. W. XIII 1620, kap. W. XIII 1623?-1630 (zie S. 69),  overm. Hd 1628, kol. 1630-38-..?","1615 C.; 1626 Sch. 1635, 37, 38, 41, 42, 44, 45, 49 B; 1646-1648 H Schout","dl. 1, p. 369",1587,,,1653,,,dochter van C.P. Hooft (Elias nr. 49) en Anna Blaeu
,Aecht / Agatha,Cornelisdr de,Vlaming van Oudtshoorn,,Lh 1642-1666†,"hv. v. Jan Cornelisz Geelvinck (1579-1652, x2 1608) NZHh 1609, 1615-1619","1611-13 C.E.; 1624 Sch.; 1624-51 R.; …; 1626, 28, 29, 34, 36, 37, 39, 41, 43, 44, 46, 47 B.","113 - dl. 1, p. 352 ",1588,,,1666-09-09,,,
,Tryntje,Coenraadsdr,Burgh,,Lh 1643-1667,,,,,,,,,,
,Tryntje,,Backers,,Lh 1646-1652,,,,,,,,,,
,Aechje / Agatha,[Jansdr],Snoeck,,Lh 1653-1657 (1655?) | 1657 (lijst),"w. v. Jacob van Bronckhorst (1592-1652, x1622), km Z.K. 1635, luit. 1633, kap. 1650",,"dl. 1, p. 530",1593-09-19,,,1661-03-04,,,
,Maria,,Spiegels,,Lh 1655-1661† | 1653-1663 (lijst),"hv. v. Dr. Gerard Schaep (1589-1666, x 1622)","1624-66 R.; 1624 Sch.; 1637, 41, 44, 46, 48, 52, 57, 58, 61, 64, 65 B.","114 - dl. 1, p. 355-356",1604-10-23,,,1661-12-17,,,dochter van Laurens Jansz Spiegel (Elias nr. 91) en Neeltgen Isaacsdr Ouderogh
,Clara,,Abba,"1668 - R. 23 - Bol Lh, nr. 1",Lh 1662-1671 (-eerder?),"hv. v. Jan Lensen (1619-1694, x 1656)","luit. W. XXXVIII 1650-58, luit. W. XXII 1658-60, Bwh 1658-62, 1662 C.","dl. 1, p. 408",1631-05-31,Amsterdam,,1671-09-04,Amsterdam,,
,Elisabeth,,Pater,,Lh 1662/66-1673? (onwaarschijnlijk),"hv. v. Mr. Joan Jansz ten Grootenhuys (1621-1679, x1648)","luit. W. XXVII 1650-54, kap. W. XXXVI 1654-60, kap. W. IV 1661-79†; OZHh 1652; C 1654; 1668-79 R","201 - dl. 1, p. 541",1627,,1627-04-13 NK,1673-09-23,Amsterdam,"1047, OK, p. 211",
*,Agatha,,Munter / Munters,"1668 - R. 23 - Bol Lh, nr. 2",Lh 1666-1687†,"w. v. Dr. Elbert Goykens (1626-1663, x1654), doct. med.; w. v. Mr. Sybrand Valckenier (1634-1665, x1665); hv. v. Mr. Joan Corver (1628-1716, x1669), kap. 1672","1659 C (SV); 1652 Sec., 1666 R. (JC)","194 - dl. 2, p. 626",1632-07-23,,,1687-02-27,,,dr. van burg. Joan Munter (1611-1685)
,Maria,,Pieters,,Lh 1667-1667,,,,,,,,,,
,Elisabeth,van,Duynen,"1668 - R. 23 - Bol Lh, nr. 3",Lh 1668-1703 (V: 1702),"w. v. Mr. Pelgrom Jansz ten Grootenhuys (1618-1660, x1641), luit. 1650","luit. W. X 1650, luit. W. IX 1650-53, kap. W. IV 1653-60†; 1645 C., 1660 R.","188 - dl. 1, p. 512",1620 ca.,Den Haag,,1703,,,"dochter van Mr. Jacob Govertsz van Duynen, soll. militair (-1630 DH) en Catarina / Catalina Maes (-1676 DH) uit WbD; x 1615; zij hertrouwt 1635 met Mr H Ottensz Schrassert, R, S e B van Hattem"
,Alida,,Bicker,,Lh 1672 (V: 1674)-1683,"Ridder Jacob Bicker Jacobsz (1612-1676, x1639), 1646 kap.-maj.","1646 Sch. te 's- Graveland, 1656-76 S. idem","dl. 1, p. 359",1620,,,1702,,,
*,Elisabeth,van der ,Merct,,Lh 1681 (V: 1684)-1714†,"hv. v. Gerard Bors van Waveren (1630-1693, x1654), 1666 kap., 1681 kol.","1658 C., 1663 Sch., 1672-93 R., 1683-92 B.","211 - dl. 2, p. 568",1630-04-14,,,1714-10-04,,,
,Susanna,van,Capelle,,Lh 1688-1707 (V: 1706),"hv. v. Daniel Hochepied (1630-1704, x1664), 1667-90 SJh, 1673 luit., 1683 kap.","1694 sch., 1690-1704 R.","264 - dl. 2, p. 618",1647,,,1712,,,
,Catharina,ten ,Grootenhuys,,Lh 1703-29 (V: 1721†),,,_,,,,,,,
,Margaretha,de,Canjoncle / Canjonelle,,Lh 1707-29†,"hv. v. Pieter van der Poel, 1691-95 Bg, 1693 luit.",,_,,,,,,,
,Maria,van den,Bosch,,Lh 1715-36†,"w. v. Jan Oorthoorn; hv. v. Dr. Caspar Commelin (1668-1731, x1705)",,_,,,,1736,,,
,Maria,,Boddens,,Lh 1721-59†,,,_,,,,,,,
,Anna,,Calkoen,,Lh 1731-43†,"hv. v. Jan van Kerchem (1680-1768, x1721), 1712-13 OMVGh",1713 C.,"dl. 2, p. 703",1693,,,1743,,,dochter van Nicolaas Calkoen (Elias nr. 321)
,Petronella,,Calkoen,,Lh 1737-53,"w. v. Mr. Joan Fontaine (1682-1731, x1717), 1720 kap.","1718 C., 1726 Sch., 1723-31 R.","312 - dl. 2, p. 750",1680,,,1753,,,dochter van Cornelis Calkoen (Elias nr. 263)
,Christina,van,Cuyck,,Lh 1744-58†,"w. v. Michiel van Marselis (1684-1723, x1713); w. v. Jacob Faas (1684-1740, x1731), 1714 No.K.",,"dl. 2, p. 872 (MvM); dl. 2, p. 930-931 (JF)",1693,,,1758,,,
,Jacoba,,Lansel,,Lh 1754-77,"hv. v. Mr. Willem de Dieu (1710-1800, x1740)",1764 Secr.,"dl. 2, p. 782",1710,,,1792,,,
,Henrietta Cornelia,van,Marselis / Marcelis,,Lh 1759-74†,"hv. v. Willem Theodorus Huyghens (1719-1775, x1750), luit. t. zee 1736, kap. 1742",,"dl., 2, p. 737",1724,,,1774-11-03,,,
,Anthonia,,Huyghens,,Lh 1760-65†,"w. v. Nicolaas Calkoen de Jonge (1698-1744), 1720 km. O.K.",,"dl. 2, p. 773-774",1704,,,1765,,,
,Anna Sophia Frederica,van,Gheel van Spanbroek,,Lh 1766-90,"hv. v. Mr. Nicolaas Willem Röell (1736-1793, x1764), 1761 km. N.Z.K., 1766-93† Bwh; hertr. Lieve Martinus Isaäc baron van Reede van Oudshoorn (1750-1811, x1794), 1773 km. O.K., 1789 km. A.K.",1773 C. (LMIvRvO),"dl. 2, p. 745",1745,,,1801,,,
,Maria Jacoba (not.: Anna Maria),,Brants,,Lh 1775-93 (V: 1798),"hv. v. Philip Jacobs van der Velden, 1798-1815† Bwh",,_,,,,,,,
,Anna Bregitta,de,Dieu,,Lh 1777-97,"hv. v. Abr. Armenault; hertr. George de Visscher, 1779-1796† OMVGh (zie R. 11)",,_,,,,,,,
,Barta Elisabeth,,Raket,,Lh 1790-98 (V: 1793),w.  v. Joh. Trekels,,_,,,,,,,
,Helena Elisabeth,,Marcus,,Lh 1797-1819,w. v. Y.M. Romswinckel,,,,,,,,,
,Anna Maria,,Pijll,,Lh 1798-1829†,hv. v. Hendrik Visscher,,,,,,,,,hv. v. Hendr. Visscher
,Herm. Anna,,Steenberg,,Lh 1801-1809,hv. v. T. Wink,,,,,,,,,
,Jacoba Wilhelmina,van der ,Meulen,1835 - R. 33 - Kruseman Lh,Lh 1814-1834†,"w. v. David de Myn (1749-1802, x1781), NZHh 1798-1802 (zie R. 49)",,,1759 ca.,,,1834-08-31,,,schenkt (of legateert) in 1835 tafelbel KA 3687
,Meinonda,,Engelberts,,Lh 1821-1832/33†,hv. v. J.M. Simons,,,,,,1832/33,,,hv. v. J. M. Simons
,Catharina Elisabeth ,,Bagman,1835 - R. 33 - Kruseman Lh,Lh 1829-1834†,"hv. v. Abraham van Vloten (1763-1830, x1793)",,,1766-12-10,Amsterdam,,1834-10-07,Amsterdam,,hv. V. Abr. Van Vloten
,Sara Maria (of Hendrina) Johanna,,Berg,1835 - R. 33 - Kruseman Lh,Lh 1834-1846†,"w. v. Josua van der Poorten van Vollenhoven (1766-1830, x1807), reg. OMVGh 1826-30",,,1788-02-03,Amsterdam,,1846-09-10,Haarlem,,wed. v. J. van der Poorten van Vollenhoven
,Maria,,Hartsen,,Lh 1834-1859,w. v. Josua van Eik,,,,,,,,,wed v. Josua v. Eik. 
,Margaretha Elisabeth ,,Hilkes,,Lh 1836-1859,w. v. O.G. de Gorter,,,,,,,,,wed. v. O. G. de Gorter
 ,Anna Louisa,van,Lennep,,Lh 1847-1859,hv. v. Mr. H.A. van Lennep,,,,,,,,,hv. V. Mr. H. A. van Lennep
,Ael,,Duijnen,,OMVGh 1550-52,,,"dl. 1, p. 3?",,,,,,,
,Trijn,,Dirck Pouwelsdr,,OMVGh 1550-64,,,_,,,,,,,
,Lysbet,,Jacobsdr,,OMVGh 1553-66,,,"dl. 1, p. 212?",,,,,,,
,Adriana,,Reiersdr,,OMVGh 1565-88,,,_,,,,,,,
,Machelt,,Sandelyn,,OMVGh 1567-76,,,_,,,,,,,
,Maria,,Gijsbertsdr,,OMVGh 1577-91,,,_,,,,,,,
,Betgen,,Lourensdr,,OMVGh 1589-1604,,,_,,,,,,,
,Griet,de,Wael,,OMVGh 1592-94,"Simon Gerritsz Swaen (Alkmaar 1553-?, x1588), 1590 kap.-maj. krijgsvolk",1594 Sch. te Alkmaar,"dl. 1, p. 127",,,,voor 3 mrt 1598,,,
,Matthea / Teeuwt,Jansdr,Jan Cattendr / Cat,,OMVGh 1595-99,"Dirck Jansz Graeff (1529-1589, x2 na 1576)","1578-89 R., 1578 B.","dl. 1, p. 62-63",,,,1598-07-20,,,"dochter van Jan Claesz Cat, B. 1579, reg. Gh 1556"
,Maria,,Cants,,OMVGh 1600-16,,,_,,,,,,,
,Trijntgen,,Schopmans,,OMVGh 1605-24,,,_,,,,,,,
,Cornelia,,Cants Reijersdr / van der Meer,"1640 - R. 6 - Moeyaert OMVGh, A",OMVGh 1617-44,"Mr. Adriaen van der Meer (1563-1600, x1591)",,"dl 1, p. 421-422",1573 ca.,,,1669-06-11,,,
,Agniete,,Reijnst,,OMVGh 1625-32†,"Gerrit Jacob Witsen (?-1626), Gh 1592, kol. 1611","1585 Sch., 1609, 12, 13, 15, 16, 20, 21, 25 B.","dl. 1, p. 168",1580-06-30 d.,Amsterdam,,1632-12-29,,,
,Elisabeth,,Reael,"1640 - R. 6 - Moeyaert OMVGh, B",OMVGh 1633-46,"Jacob de Lange Dircksz (1576-1616, x1606), 1611-12 NZHh, Amh 1613",,"dl. 1, p. 262",1582,,,1644,,,dochter van Johan Pietersz Reael (Elias nr. 79)
,Hillegonda,,Spiegel,,OMVGh 1645-? (1677?),"Michiel Pauw (1590-1640, x1615); km. N.K. 1616, bew. WIC 1621-36","1617 Comm., Sch. 1622","dl. 1, p. 196",1599-10-13,Amsterdam,,1677-09-07 NK,,,dochter van Laurens Jansz Spiegel (Elias nr. 91)
,Helena,,Wybrants,"1676 - R. 7 - Backer OMVGh, A",OMVGh 1667-1721,w. v. Tymon Veeneman (1612-1673); NZHh 1655-1673 (zie R. 48),,_,1628 ca.,,,1721,,,
,Joanna,,Boom,,OMVGh 1671-1711,"hv. v. Daniel van Gheel (1628-1705, x1652), Amh 1655",,"dl. 1, p. 478",1633,,,1711,,,dochter van Cornelis Boom (Elias nr. 164)
,Alida,,Reael,"1676 - R. 7 - Backer OMVGh, B",OMVGh 1676-78†,"Dr. Joannes Commerstyn (1622-1682, x1654), luit. 1664, insp. CM 1664",,"dl. 1, p. 290-291",1617,,,1678,,,
,Elisabeth,,Huydecoper,,OMVGh 1678-1703†,"hv. v. Pieter van Wickevoort (1629-1721, x1670), 1681 kap., OMVGh 1681-1721†",,"dl. 1, p. 385-386",1638,,,1703,,,
,Hillegonda,van,Beuningen,,OMVGh (voor?) 1682-97,"hv. v. Mr. David de Wilhem (1628-1707, x1662), 1659 vaand., 1672 luit., 1681 kap., km. Z.K. 1669",,"dl. 2, p. 603",1632,,,1698,,,dochter van Dirck Geurtsz van Beuningen
,Aletta,,Pancras,,OMVGh 1698-1706,"hv. v. François de Vicq (1646-1707, x1667), km. O.K. 1668","1669 C., 1673 Sch., 1679-1707 R., 1694-96 S., 1697-1706 B.","226 - dl. 2, p. 588",1649,,,1707,,,dochter van Nicolaes Pancras (Elias nr. 161)
*,Margaretha,,Munter,1668 d'Hue SK-A-1256,OMVGh 1704-1711,"w. v. Mr. Jacobus Trip (1627-1670, x1663), 1653 km. O.K., 1656-1662 Bwh (zie R. 60), 1658 kap.",1658 C.,"dl. 2, p. 552",1639,,,1711,,,
,Petronella,de,Vicq,,OMVGh 1707-1712†,"hv. v. Mr. Balthasar Scott (1672-1741, x1697)","1700 C., 1710 Sch., 1711-41 R., 1735 B.","291 - dl. 2, p. 701",1670,,,1712,,,
,Elisabeth,,Calkoen,,OMVGh 1711-1728†,"hv. v. Mr. Lucas Trip (1666-1734, x1690), 1689 Dh, 1694 km. Z.K., 1696 kap., 1710 kol.","1698 C., 1701 Sch., 1720-34 B.","dl. 2, p. 553",1671,,,1728,,,
,Agatha,,Hasselaer,,OMVGh 1711-1737,"hv. v. Jac. Elias Huydecoper (1669-1744, x1692), 1688 km. N.K., 1704 kap. ","1690 C., 1703 Sch., 1710-44 R., 1739, 43 B.","290 - dl. 2, p. 700-701",1670,,,1741,,,
,Joanna,,Boddens,,OMVGh 1713-1734†,"hv. v. Gerbrand Pancras Michielsz (1658-1721, x1681); 1688 luit., 1692 kap., 1689-91 Bwh; hertr. met Dr. George  Boudens","1691 Sch., 1692-1721 R., 1706 S., 1709-21 B. (PancraS)","251 - dl. 2, p. 627-628 (Pancras)",1663,,,1734,,,
,Clara,,Decquer,,OMVGh 1721-1739†,"hv. v. Mr. Nicolaas Sautyn (1676-1743, x1702), 1669 km. O.W.K., 1707 kap.","1702 Sch., 1702-43 R., 1718-24 B.","269 - dl. 2, p. 661-662",1669,,,1738,,,
*,Anna Elisabeth,van den,Bempden,,OMVGh 1729-1773†,"hv. v. Jan Six II (1668-1750, x1728), 1691 km. Z.K., 1707 kap.","1691 C., 1705 Sch., 1701-48 R., 1719-48 B.","264 - dl. 2, p. 656-657",1695-09-07,,,1773-05-01,,,
,Maria,le,Seutre,,OMVGh 1735-1772†,"hv. v. Mr. Cornelis Trip (1695-1753, x1716), 1713 km. N.W.K., 1717 kap.","1713 C., 1729 Sch., 1748 B.","dl. 2, p. 554-555",1695,,,1772,,,
,Geertruyd Elisabeth,,Muylman,,OMVGh 1738-1739†,"hv. v. Theodoor Rogge (1684-1756, x1714), Amwh 1717-1731 (zie R. 17)",1731 Sch.,"dl. 1, p. 283-284",1686,,,1739,,,
,Bregje,van de ,Poll,,OMVGh 1739-1748,"w. v. Mr. Jan van de Poll Jansz (1692-1728, x1728), 1718 luit., 1728 kap., 1719 km. O.W.K.","1728 Sch., 1728 R.","319 - dl. 2, p. 767",1699,,,1772,,,
,Constantia Catharina,,Munter,,OMVGh 1740-1746,"hv. v. Mr. Jan Sautijn (1680-1750, x1707)","1716 Sch., 1745-48 B.","dl. 2, p. 574",1684,,,1768,,,
,Clara Susanna,,Backer,,OMVGh 1746-1767†,"hv. v. Mr. David de Wilhem (1705-1768, x1728)",1732 Sch.,"dl. 2, p. 604",1708,,,1766,,,dochter van Wlillem Backer (Elias nr. 328)
,Juliana Helena,,Muyssart,,OMVGh 1750-1764†,"hv. v. Mr. Ferdinand van Collen Ferdinandsz (1708-1789, x1728), 1728 km. N.K.","1730 C., 1735 Sch., 1749-82 R.","370 - dl. 2, p. 898-899",1708,,,1763,,,dochter van Abraham Muyssart (Elias nr. 281)
,Hester,,Witsen,,OMVGh 1764-1772†,"hv. v. Pieter Elias (1729-1783, x1756)","1755 C., 1759 Sch., 1770-83 R., 1782 B.","396 - dl. 2, p. 944",1736,,,1771,,,
,Sara,,Frensel,,OMVGh 1767-1781†,"hv. v. Nic. van Buren, 1760-90† Bg",,_,,,,,,,
,Catharina,,Bouwens,,OMVGh 1772-1773,"hv. v. Pieter Clifford Jansz (1743-1788, x1770)",,"dl.2, p. 884",1737,,,1776,,,dochter van Mr. Reynier Bouwens (Elias nr. 336)
,Geertruyd,van,Son,,OMVGh 1773-1792†,"hv. v. Mr. Daniel Deutz (1714-1775, x1744), 1731 km. No.K.","1741 Sch., 1747-75 R., 1767-75 B.","349 - dl. 2, p. 836-837",1724,,,1792,,,
,Christina,van,Herzeele,,OMVGh 1773-1797,"hv. v. Mr. Gerrit de Graeff (1741-1811, x1765)","1762 C., 1771 Sch., 1771-87 R.","397 - dl. 2, p. 944",1748,,,1798,,,
,Agnes Maria,,Clifford,,OMVGh 1774-1792,"hv. v. Mr. Cornelis Backer Cz (1738-1811), Amwh 1757-1796",,"dl. 2, p. 680-681",1739,,,1828,,,dochter van Pieter Clifford (Elias nr. 379)
,Anna Maria,,Clifford,,OMVGh 1781-1794†,,,_,,,,,,,
,Johanna Albertina,,Geelvinck,,OMVGh 1793-1797,"hv. v. Albertus Cornelis Schuyt (1760-1814, x1782)","1787 C., 1788 Sch., 1787-95 R.","451 - dl. 2, p. 1017",1762,,,1815,,,
,Esther Elisa,van de,Poll,,OMVGh 1793-1797,,,_,,,,,,,
,Agneta Anthonia,,Calkoen,,OMVGh 1794-1797,"hv. v. Dirk Bas Backer (1742-1803, x1766), 1760-68 km. A.K.; Bwh 1768-95",,"dl. 2, p. 689",1744,,,1804,,,
,Sara Marg.,,Calkoen,,OMVGh 1798-1809,,,_,,,,,,,
,Cath.,,Pons,,OMVGh 1798-1809,w. v. A.J. Deyman,,_,,,,,,,
,Wilh.,,Spanceerder,,OMVGh 1798-1809,"hv. v. Herman Drost, 1798-1803 km. Nz.K., 1786 luit., 1787 kap.",,_,,,,,,,
,Petr. Jac.,van der,Wallen,,OMVGh 1798-1829,hv. v. Gerard Verrijn,,_,,,,,,,
,Geertruyd,,Beth,,OMVGh 1799-1829,"hv. v. Willem Hendrik Voombergh, 1799b)-(1809) Zwh, 1801-1818† Lh",,_,,,,,,,
,Anna Hel.,ter,Borch,,OMVGh 1807-1809,hv. v. Mr. Corn. Ch. Six,,,,,,,,,
,Agatha Theod.,,Stijger,,OMVGh 1814-1829,hv. v. A.J. de Bordes,,,,,,,,,
,Elis. Gerarda,,Meynts,,OMVGh 1815-1842,w. v. Floris Kamp,,,,,,,,,
,Fred. Elis.,,Cramer,,OMVGh 1817-1836†,hv. v. Mr. H.N. Tonis,,,,,,,,,
,Engelina,,Smit,,OMVGh 1836-1841,hv. v. Jan Nagel,,,,,,,,,
,Anna,,Claes,,Rh 1607-08,,,_,,,,,,,volgens Schaep de eerste regentessen benoemd in 1607
,Trijn,,Claes,,Rh 1607-18,,,_,,,,,,,
,Trijn,,Lauris,,Rh 1609-12,,,_,,,,,,,
,Elbreght,,Louris,,Rh 1614,,,_,,,,,,,
,Elbrich,,Jansdr,,Rh 1615-19,"1. Pieter Pietersz Karsseboom; 2. Ridder Reynier Pauw Adriaensz (1564-1636, x2 1616), ov.m. Vbd 1583, k.m. O.K. 1592","Pauw: 1590 Sch., 1591-1636 R., 1605, 09, 11, 14, 16, 17 B.","dl. 1, p. 191, nr. 61",,,,1630-11-22 O.K.,,,dochter van Jan Pietersz 'in den Schuyer'
,Marritgen,,Philips,,Rh 1619-30,,,_,,,,,,,
,Marritgen,,Frederix,,Rh 1619-51,,,_,,,,1651-01-27 ob.,,,
,Haefge,,Pieters,,Rh 1630-37,,,_,,,,,,,
,Grietge,,Pieters,,Rh 1638-39,,,_?,,,,,,,
,Fijtge,,Apers,,Rh 1640-..,,,_,,,,,,,
,Sara,,Valckenier,,Rh 1651-[65†?],"w. v. 'Adriaen Roch' [= Mr. Hercules Roch] (1598-1648, x1627)",1636-48 R.,"dl. 1, p. 407, nr. 135",1605-03-17,,,1665-04-04 O.K.,Amsterdam,,dochter van Cornelis Jansz en Aefgen (Eva) Pietersdr Boom
,Belia,,Vinck,,Rh 1679 (V: 1677)-97†,"w. v. Willem Ruychaver (1634-?), hv. v. Joan Commelin (1629-1692, x1673), 1666-72 Sp NWh (zie R. 39), 1670 luit., 1672 kap., 1673 luit.-kol.","1673 C., 1672-92 R. (JC)","dl. 1, p. 320 (WR); 212 - dl. 2, p. 569 (JC)",1630,,,1697,,,
,Judith,van,Son,,Rh 1681 (zie ook SJh 1684),"hv. v. Coenraet van Klenck (1628-1691, x1668), OZHh 1660-71, 1672 kap.","1673 C., 1672-91 R., 1674 Sch.","210 - dl. 2, p. 564",Rotterdam,,,1707/08,,,
,Maria Jacoba,van,Bambeeck,,Rh 1682-1726†,"hv. v. Henrick Decquer (1634-1697), 1656 vaand., 1673 luit., Bg 1681-86",,"dl. 2, p. 650",1642,,,1726,,,
*,Maria,van,Loon,,Rh 1698-1734†,"hv. v. Marten van Loon (1647-1724), NZHh 1676-89, 1681 luit., 1702 kap., 1689 km. W.K.","1704 C., 1705 Sch., 1707-23 R.","280 - dl. 2, p. 684",1662-04-20,,,1734-08-03,,,
,Apollonia,,Loten,,Rh 1719-48,"hv. v. Adriaan van Loon (1681-1754, x1712)",1714 Sch.,"dl. 2, p. 624",1683,,,1761,,,
,Anthonia,,Hop,,Rh 1727-29†,"w. v. Mr. Jan Hulft (1682-1727, x1713), 1714 kap.",1715 Sch.,"dl. 1, p. 533",1686,,,1729,,,
,Amarantha Maria,,Reynst,,Rh 1732-33†,w. v. Mr. Jacob van der Lijn (1695-1731),"1720 Sch., 1727 R. te Alkmaar","dl. 2, p. 905",1705,,,1733,,,
,Anna Maria,,Pels,,Rh 1734-48,"hv. v. Jan Jeronimus Boreel (1684-1738, x1709)","1716 Secr., 1734 Sch.","dl. 1, p. 538",1684,,,1776,,,
*,Adriana,van,Marselis,,Rh 1736-48,"w. v. Maarten Pauw (1678-1724, x1720)",1704 R. te Delft etc.,"dl. 2, p. 872",1683-05-27,,,1749-05-15,,,
,Constantia,,Spranger,,SJh 1664-1691,"w. v. Dr. Willem Piso (1611-1678, x1648), 1655-70 insp. CM",,"dl.2, p. 761",1616,,,1691 na dec.,,,
,Catharina,van,Duynen,,SJh 1675-1704,"w. v. Leonard Ranst (1631-1673, x1668), 1657 vaand., 1664 luit., 1668 kap., 1672 luit.-kol.","1666 C., 1668 Sch., 1669-73 R.","202 - dl. 1, p. 542",,,,1704 of later,,,dochter van Haagse burgemeester Mr. Joan van Duynen en Maria Snouck 
,Weintje,,Hudde,,SJh 1681-voor 1689,,,_,,,,,,,
,Judith,van,Son,,SJh 1684-1694,"hv. v. Coenraet van Klenck, heer van Lochem (1628-1691, x1668), OZHh 1660-71, 1672 kap.","1673 C., 1672-91 R., 1674 Sch.","210 - dl. 2, p. 564",Rotterdam,,,1707/08,,,
,Clara,,Hudde,,SJh 1692-1705,"hv. v. Lambertus Lepeltak, luit. 1694, kap. 1706, 1707-09† km. Oz.K.",,_,,,,,,,
,Hester,,Ranst,,SJh 1695-1706,"hv. v. Mr. Jac. Hinlopen Jr. (1668-1698, x1688), 1691 kap.","1689 C., 1695 Sch.","dl.2, p. 591",1671,,,1750,,,
,Lucr.,,Soreau,,SJh 1705-1709†,"w. v. Hendr. Stok, 1695-1701† NZHh",,_,,,,,,,
,Adr.,van,Dam,,SJh 1706-1711†,w. v. Karel Rud. van Kuffeler,,_,,,,,,,
,Elisabeth Catharina,van der,Ghiessen,,SJh 1706-1713†,"hv. v. Isaäc Coymans (1653-1714, x?), vaand. 1690, 1698 luit. 1706, kap.",,"dl. 2, p. 760",1652,,,1713,,,
,Duijfje,van de,Poll,,SJh 1709-1738,"hv. v. Jacob. Loten (1658-1734, x1681), 1686 km.Oz.K., luit. 1694",1715-34 R.,"299 - dl. 2, p. 707",1663,,,1738,,,
,Ida Maria,van,Buren,,SJh 1712-1722†,w. v. Dr. Jan van Bredero,,_,,,,,,,
,Maria Const.,,Mels,,SJh 1714-1731†,"hv. v. Mr. François de Vicq (1679-1730, x1704)",,"dl. 2, p. 581",1684,,,1731,,,
,Wendela,,Klopper,,SJh 1722-1733†,"hv. v. Nicolaas Calkoen (1666-1738, x1689), 1689 km. E.K., 1704 km. W.K., 1686 vaand., 1698 kap.","1707 C., 1720 Sch., 1731-38 R.","321 - dl. 2, p. 773",1666,,,1733,,,
*,Catharina Susanna,van den,Bempden,,SJh 1731-1768†,"hv. v. Mr. Pieter van de Poll (1703-1766, x1725), 1724 kap., 1745 kol.","1723 C., 1724-27 Secr., 1731 Sch., 1748 B.","dl. 1, p. 446",1703-08-25,,,1768-10-04,,,"dochter van Jan van den Bempden (Elias, nr. 270)"
,Maria Catharina,,Meyners,,SJh 1734-1741†,"w. v. Mr. Joachim Rendorp (1671-1730, x1703), 1700 luit., 1720 kap.",,"dl. 1, p. 455",1661,,,1740,,,
,Sophia,,Huydecoper,,SJh 1740-1766†,"w. v. Mr. Mattheus Buys (1696-1725, x1721)",,"dl. 2, p. 718",1699,,,1766,,,
,Elisabeth,,Clignett,,SJh 1743-1769,"hv. v. Mr. Gerard Aarnout Hasselaer (1698-1766, x1728), 1720 kap., kol. 1748, 1722-39 Bg  ","1739 Sch., 1739-66 R., 1748-65 B.","335 - dl. 2, p. 808-809",1702,,,1776,,,
,Geertruid.,,Lestevenon,,SJh 1766-1782†,"hv. v. Mr. Jacob Hop (1728-1776, x1752), 1747 km. A.K.","1751 C., 1754 Sch., 1766-76 R.","390 - dl. 2, p. 928-929",1730,,,1783,,,
,Maria Eva,,Cambier,,SJh 1769-1787†,"hv. v. Matt. Boendermaker (1712-1772, x1737), 1738 km. W.K.","1748 C., 1750 Sch.","dl. 2, p. 593-594",1716,,,1787,,,
,Maria Dorothea,,Muilman,,SJh 1769-1788†,"hv. v. Jan Albert Clifford (1741-1806, x1764), 1767 km. Nz.K.","1769 Sch., failleert 1773","dl. 2, p. 884",1742,,,1788,,,
,Anna Elisabeth,van,Couwenhoven,,SJh 1783-1796,"hv. v. Mr. Pieter Elias Gerbrandsz (1756-1813, x1779), 1777 km. N.K.","1779 C., 1783 Sch., 1786-95 R.","427 - dl. 2, p. 988",1757,,,1827,,,
,Sara Maria,van de,Poll,,SJh 1787-1796,"hv. v. Mr. Zacharias Henric Alewijn (1742-1788, x1767), 1767 km. Z.K.","1768 Sch., 1773-1788 R.","399 - dl. 2, p. 945",1740,,,1780,,,
,Jacoba Maria,,Kuysten van Hoesen ,,SJh 1788-1796,"w. v. Mr. George Clifford Pietersz (1741-1785, x1764), 1760-68 km. No.K., OMVGh 1768-1772",1772 Sch.,"dl. 2, p. 913",1746,,,na 1806,,,
,Sophia Maria,,Hooft,,SJh 1796-1797,"w. v. Mr. Gillis Alewijn (1744-1789, x 1787)","1771 C., 1773 Sch.","dl. 2, p. 818",1758,,,1819,,,
,Maria,,Pannekoek,,SJh 1796-1797,"w. v. Pieter Constantijn Nobel (1746-1788, x1769), 1766 vaand., 1773 kap.","1786 Sch., 1787 R.","429 - dl. 2, p. 989",1751,,,1808,,,
,Herm.,,Bardon,,SJh 1796-1808,hv. v. Herman Verwit Asschenberg,,_,,,,,,,
,Maria Ida,,Armenault,,SJh 1798-1808,w. v. P. N. Arntzenius,,_,,,,,,,
,Anna,,Berninck,,SJh 1798-1808,"hv. v. Jan Brouwer Joachimsz (1744-1821), 1787 luit., OMVGh 1798-1814",,_,,,,,,,
,Aef ,,Herman Rodenburghsdr,,Sph 1598-1603,,,_,,,,,,,
,Aechte,,Claesdr,,Sph 1598-1606,,,_,,,,,,,
,Aef,,Jacob Witsensdr,,Sph 1600-1613 - vanaf 1600 twee extra buitenmoeders,"x Barend Adriaensz Clomp; Jacob Laurensz (?-1631, x1613)","1601 Sch., 1601 R. te Haarlem (JL)","dl. 1, p. 167",,,,na 1619,,,
,Lysbeth,,Hendrick Haecksdr / Haecken,1638 - R. 36 - Santvoort Sph,Sph 1600-1638†,"Cornelis Jans Bouckaert (1563-?, x1599); Cornelis Schellinger (1551-1635, x1604), km. O.K. 1597, Rh 1617-1630 (zie R. 1)",,"dl. 1, p. 178 en 301",1559,,,1638,,,
,Neeltje,,Gijsberts,,Sph 1614-1616,,,_,,,,,,,
,Adriaentgen,,Lamberts,,Sph 1618-1624,,,_,,,,,,,
,Styntje,,Thomas,1638 - R. 36 - Santvoort Sph,Sph 1625-1645† (Schaep 1644),,,_,1574/75,,,1645,,,
,Grietgen,,Claes Oetjes,,Sph 1640-1648,,,_,,,,,,,
,Anna,,Bennings,,Sph 1646-1647,,,,,,,,,,
,Catharina,,Brouwers,1650 - R. 38 - vdHelst Sph,Sph 1648-1665,"Justus van de Bogert (x1648), predikant te Naarden",,_,,,,,,,
,Pietertje,de,Vries,1650 - R. 38 - vdHelst Sph,Sph 1649-1655,Jan de Gruyter van Arnhem (x1633),,_,1602 ca.,,,1670,,,
,Elisabeth,,Suerlandt,,Sph 1656-1669†,"Nicolaes Rochusz van Capelle (1609-1695, x 1640), Amh 1641, Sph 1646-54 (zie R. 38), km. OZK 1655","1660 Sch., 1661-72 R.","190 - dl. 1, p. 514-515",,,,1669,,,
,Focola / Fokeltge,van,Hoorn,,Sph NWh 1666-1682†,"w. v. Jan Claesz Anslo (1605-1647, x1627)",,"dl. 1, p. 449",1606,,,1682,,,
*,Margaretha,van der,Merct,1684 - R. 40 - dBaen Sph NWh,Sph NWh 1678-91†,"w. v. Anthony de Haes (1622-1676, x1666), Lh 1667-76 (zie R. 22 en R. 24); w. v. Hendrick Brouwer (1624-1683, x1681)",B. te Leiden (Brouwer),"dl. 1, p. 315",1633-09-18,,,1691-09-05,,,
,Sara,,Nuyts,1684 - R. 40 - dBaen Sph NWh,Sph NWh 1682-1723†,"hv. v. Ridder Lambert Witsen (1638-1697, x1669), serg.-maj. 1676",,"dl. 1, p. 438",1645-VIII-7 d.,,,1723-XII-28 (b. 3-I-1724),,,
,Aletta Maria,van,Stryen,"1728 - R. 44 - Boonen Sph NWh, nr. 1",Sph NWh 1692-1739† (V: 1691-’40†),"hv. v. Mr. Adriaen Duyvensz (1662-1707, x1687); SJh 1688-90","1691 C., 1693 Sch. ","dl. 2, p. 639",1664-XII-6,,,1739-V-5,,,
,Maria,,Wolters,,Sph NWh 1707-1725,"hv. v.  Jacob Scott (1647-1708, x1671), km. E.K. 1679, km. Nz.K. 1679, luit. 1684, kap. 1689","1690-1708 R., 1693 Sch.","247 - dl. 2, p. 623-624",1652,,,1725,,,
,Maria Jacoba,van,Riedt,,Sph NWh 1707-1727,"hv. v. Mr. Nicolaas de Vicq (1672-1713, x1701); hertr. Gillis van Hoven (1683-1753, x1716), 1712 kap.","1698 Sch. (dVicq); 1728 Sch., 1729-48 R.","dl. 2, p. 588 (NdV); 320, dl. 2, p. 768 (GvH)",1676,,,1726,,,
,Catharina Clara,,Geelvinck,"1728 - R. 44 - Boonen Sph NWh, nr. 2",Sph NWh 1724-29†,"hv. v. Willem Boreel (1675-1727, x1704)",1694 Sec.,"dl. 1, p. 537",1680-I-24,,,1729-XI-19,,,
*,Machtelina Christina,,Lestevenon,"1728 - R. 44 - Boonen Sph NWh, nr. 3",Sph NWh 1726-49†,"hv. v. Nicolaas Warin (1675-1752, x1709), vaand. 1698, Bg 1719-21",,"dl. 2, p. 907",1682-VIII-28,,,1749-X-9,,,
,Geertruyd,van der ,Lyn,"1728 - R. 44 - Boonen Sph NWh, nr. 4",Sph NWh 1726-63†,"hv. v. Mr. Pieter Six (1686-1755, x1716), kap. 1724","1719 Sch., 1720 R.","309 - dl. 2, p. 747",1694-I-14,Alkmaar,,1763-XII-24,,,
,Debora,,Elias,,Sph NWh 1730-1763,"hv. v. Dirk van der Meer (1686-1738, x1712), 1706-14 Dh","1712 Sch., 1732-38 R.","325 - dl. 2, p. 783-784",1691,,,1772,,,
*,Ester Aagje,van den,Bempden,,Sph NWh 1740-1768†,"hv. v. Gerard Deutz (1699-1759, x1739)",1740 Sch.,"dl. 2, p. 632",1705-06-11,,,1768-03-10,,,
,Maria,,Schaak,,Sph NWh 1750-1776†,"hv. v. Mr. Arnoldus Elias (1695-1762, x1728)",,"dl. 2, p. 651-652",1707,,,1776,,,
,Machtelina Henrietta,de,Wilhem,,Sph NWh 1764-1797†,"hv. v. Mr. Gerbrand Elias (1728-1769, x1753), km. N.K. 1744","1749 C., 1757 Sch., 1764-1769 R.","386 - dl. 2, 922-923",1730,,,1797,,,
,Ida Everdina,,Visscher,,Sph NWh 1765-1788,"hv. v. Mr. Hendrik Daniel van Hoorn (1731-1802, x1761)",1754-87 Secr. Hoofdschout,"dl. 1, p. 334",1742,,,1801,,,
,Margaretha,,Bruyningh,,Sph NWh 1769-1794†,"hv. v. Gualterus Petrus Craeyvanger (1739-1776, x1767), Lh 1762-67",1767 comm. v. haar hoog mogende depeches ,"dl. 2, p. 855",1739,,,1794,,,
,Anna Maria,,Calkoen,,Sph NWh 1777-1797,"hv. v. Mr. Nicolaas Faas (1736-1795, x1762), Bg 1755-61","1761 Sch., 1768-95 R., 1786-92 B.","392 - dl. 2, p. 930-931",1742,,,1800,,,
,Clara Margaretha,,Schoock,,Sph NWh 1789-1793†,"hv. v. Gillis du Quesne (1747-1820, x1772), hr. v. Cillershoek","1782 C., 1788 Sch., 1787-95 R.","449 - dl. 2, p. 1016",1750,,,1793,,,
,Petronella Clementia Juliana,van,Laer,,Sph NWh 1793-1797,"w. v. Mr. Theodorus Tersmitten (1749-1785, x1776)",1782 secr. Assurantiekamer,"dl. 2, p.843",,,,,,,
,Helena,,Taal,,Sph NWh 1796-1800†,hv. v. G. van Bleyenburg,,_,,,,1800,,,
,Johanna Alyda,van,Hekeren,,"Sph NWh 1798-1800, 1801-1819","w. v. Iperus Wiselius, 1765 luit., 1773 kap., 1787 kol.",,_,,,,,,,
,Cornelia Elisabeth,van,Schooten,,"Sph NWh 1798-1800, 1801-1826†","w. v. Dr. Corn.Hendr. a Roy, 1798-1824 Amwh",,_,,,,1826,,,
,Anne,(de),Blanche,"1671 - R. 70 - Vaillant Wwh, nr. 1","Wwh 1663-65, 70-71, 77-79, 87-89 Wwh","w. v. Guillaume Domis / Domies (ca. 1617-voor 1663, x1640)",,,1623,,,1708,,,
,Sara,du,Plouis,"1671 - R. 70 - Vaillant Wwh, nr. 2","Wwh 1670-72, 78-80, 85-87 Wwh","hv. v. Jacques de la Haye (?-1671, x1642), 1647, 48, 51, 52, 56, 57 Wwh (zie R. 67)",,,1618,,,1710,,,
,Cathérine,de la,Fontaine,"1671 - R. 70 - Vaillant Wwh, nr. 3",Wwh 1671-73 Wwh,"hv. v. Jean de Mouson (ca. 1613-1676, x1644); hertr. Jean de la Fontaine (1625/26-1678, x1678), Wwh 1662, 63 (zie R. 68)",,,1628,,,1708,,,
,Olympe Marie,,Chion,"1771 - R. 73 - Buys Wwh, nr. 1","Wwh 1755-57, 1770-73, 1777-80 Wwh","w. v. Jean Naudy (?-1761, x1733)",,,1712,,,1802,,,
,Marianne,,Nepveu,"1771 - R. 73 - Buys Wwh, nr. 2","Wwh 1762-64, 1768-72 Wwh","w. v. Jacob Boulé (1706-in of voor 1771, x1743), kap. comp. Voetknechten",,"dl. 2, p. 784",1714,,,1773,,,
,Marie Philippine,,Schryver,"1771 - R. 73 - Buys Wwh, nr. 4","Wwh 1771-78, 84-87, 91-94 Wwh","hv. v. Jean Fréderic d'Orville (1732-1809, x1753), km. E.K. 1757",1768 Sch.; 1769 C.; 1778-95 R.,"411 - dl. 2, p. 959 ",1732,,,1798,,,
,Magdalena,van,Eys,"1771 - R. 73 - Buys Wwh, nr. 3",Wwh 1765-72 Wwh,"w. v. Mr. Antony Gerard Drijfhout (1706-1761, x1738)",,,1712,,,1774,,,
