Titel,Voornaam,Patroniem en tussenvoegsel,Achternaam,geslacht,Geportretteerd op,Geportretteerd op genormaliseerd,regent / kerkmeester,regent / kerkmeester genormaliseerd,lid/officier schutterij (vaandrigs vanaf 1650),Stadsregering,Elias,Doop/geboren,Doop/geboren genormaliseerd,Doop/geboren te,DTB dopen,Begraven/overleden,Begraven/overleden genormaliseerd,Begraven/overleden te,DTB begraven,Getrouwd met,Ondertrouw (+ leeftijd),DTB ondertrouw,Adres,Denominatie,Beroep,DvH,Vd Aa,NNBW,Moes nr.,Kwijtscheldingen,kohier 1585,kohier 1631,kohier 1674,Kohier 1742,Archief Hart,Associatie,Opmerkingen
,Jean,,Hochepied,M,"1631 - R. 63 - NN (Lyon?) Wwh, nr. 1",R. 63,1631 Wwh A.,Wwh 1631-01-01|1631-12-31/1631-01-01|1631-12-31,,,,na 1575,1576-01-01/?,Antwerpen,,1653,1653-01-01/1653-12-31,Haarlem,,,,,Kloveniersburgwal (1631),,,,,,,,,040.000 (f. 246v) - 200,,,,,
,Abel,de,Héripon / Horipon,M,"1631 - R. 63 - NN (Lyon?) Wwh, nr. 2",R. 63,"1631, 32, 35, 36 Wwh A.",Wwh 1631-01-01|1631-12-31/1632-01-01|1632-12-31; Wwh 1635-01-01|1635-12-31/1636-01-01|1636-12-31,,,,1585/86,1585-01-01/1586-12-31,,,1649,1649-01-01/1649-12-31,Amsterdam,,,,,Singel (1631),,,,,,,,,025.000 (f. 12r) - 125,,,,,
,Jean,,Baguelaer,M,"1631 - R. 63 - NN (Lyon?) Wwh, nr. 3",R. 63,1631 Wwh D.,Wwh 1631-01-01|1631-12-31/1631-01-01|1631-12-31,,,,1587/88,1587-01-01/1588-12-31,Norwich,,?,,,,,,,Halssteeg zuidzijde (1631),,,,,,,,,003.000 (f. 212v) - 15,,,,,
,Esaye,,Castelyn,M,"1631 - R. 63 - NN (Lyon?) Wwh, nr. 4",R. 63,"1631,32 Wwh D.",Wwh 1631-01-01|1631-12-31/1632-01-01|1632-12-31,,,,?,,Antwerpen?,,1633,1633-01-01/1633-12-31,Amsterdam,,,,,Keizersgracht westzijde (1631),,,,,,,,,010.00 (f. 94v) - 50,,,,,
,Philippe,,Serrurier,M,"1633 - R. 64 - NN (Lyon?) Wwh, nr. 1",R. 64,"1632, 33, 39, 40, 43, 44, 47, 48 Wwh A.",Wwh 1632-01-01|1632-12-31/1633-01-01|1633-12-31; Wwh 1639-01-01|1639-12-31/1640-01-01|1640-12-31; Wwh 1643-01-01|1643-12-31/1644-01-01|1644-12-31; Wwh 1647-01-01|1647-12-31/1648-01-01|1648-12-31,,,,voor 1580,?/1579-12-31,,,1654,1654-01-01/1654-12-31,Amsterdam,,,,,,,,,,,,,,_,,,,,
,Daniel,de,Hochepied,M,"1633 - R. 64 - NN (Lyon?) Wwh, nr. 3",R. 64,"1632, 33, 37, 38 Wwh D.",Wwh 1632-01-01|1632-12-31/1633-01-01|1633-12-31; Wwh 1637-01-01|1637-12-31/1638-01-01|1638-12-31,,,,1592,1592-01-01/1592-12-31,Keulen,,1662,1662-01-01/1662-12-31,Amsterdam,,,,,Kloveniersdoelen (1631),,,,,,,,,020.000 (f. 248r) - 100,,,,,
,Daniel,,Godyn / Godin,M,"1633 - R. 64 - NN (Lyon?) Wwh, nr. 2",R. 64,"1633, 34, 38, 39 Wwh A.",Wwh 1633-01-01|1633-12-31/1634-01-01|1634-12-31; Wwh 1638-01-01|1638-12-31/1639-01-01|1639-12-31,,,,1575/76,1575-01-01/1576-12-31,,,1644,1644-01-01/1644-12-31,Amsterdam,,,,,Keizersgracht oostzijde,,,,,,,,,060.000 (f. 302v) - 300,,,,,
,Isaac,,Hattevier,M,"1633 - R. 64 - NN (Lyon?) Wwh, nr. 4",R. 64,"1633, 34, 38 Wwh D., 1642, 43, 46, 47 A.",Wwh 1633-01-01|1633-12-31/1634-01-01|1634-12-31; Wwh 1638-01-01|1638-12-31/1638-01-01|1638-12-31; Wwh 1642-01-01|1642-12-31/1643-01-01|1643-12-31; Wwh 1646-01-01|1646-12-31/1647-01-01|1647-12-31,,,,1596/97,1596-01-01/1597-12-31,Keulen,,1658,1658-01-01/1658-12-31,Amsterdam,,,,,Leliegracht zuidzijde (1631),,,,,,,,,010.000 (f. 298r) - 50,,,,,
,Abraham,de,Signe,M,,,"1634, 35 Wwh A.",Wwh 1634-01-01|1634-12-31/1635-01-01|1635-12-31,,,,,,,,,,,,,,,,,,,,,,,,_,,,,,
,Abraham,,Lestevenon,M,"1637 - R. 65 - vdHelst Wwh, nr. 1",R. 65,"1635, 36 Wwh D., 40, 41, 44, 45, 50, 51 A.",Wwh 1635-01-01|1635-12-31/1636-01-01|1636-12-31; Wwh 1640-01-01|1640-12-31/1641-01-01|1641-12-31; Wwh 1644-01-01|1644-12-31/1645-01-01|1645-12-31; Wwh 1650-01-01|1650-12-31/1651-01-01|1651-12-31,,,,1592,1592-01-01/1592-12-31,Amsterdam,,1652,1652-01-01/1652-12-31,Amsterdam,,,,,Warmoesstraat (1631),,,,,,,,,040.000 (f. 168r) - 200,,,,,
,Daniel,du,Jardin / Gardijn,M,,,1636 Wwh A.,Wwh 1636-01-01|1636-12-31/1636-01-01|1636-12-31,,,,ca. 1577/'79,1575-01-01/1581-12-31,,,?,,,,,,,OZ Voorburgwal (1631),,,,,,,,,020.000 (f. 173v) - 100,,,,,
,Jean,,Seullyn / Selyns?,M,,,"1636, 37 Wwh D.",Wwh 1636-01-01|1636-12-31/1637-01-01|1637-12-31,,,,1599,1599-01-01/1599-12-31,,,1642?,,?,,,,,,,,,,,,,,komt 3x voor,,,,,"vgl. S. 80 (Sandrart), nr. 12"
,Simon,,Simonsz,M,,,1637 Wwh A.,Wwh 1637-01-01|1637-12-31/1637-01-01|1637-12-31,,,,,,,,,,,,,,,,,,,,,,,,_,,,,,
,Jean,,Harel,M,"1637 - R. 65 - vdHelst Wwh, nr. 2",R. 65,"1637, 38, 41, 42 Wwh D.",Wwh 1637-01-01|1637-12-31/1638-01-01|1638-12-31; Wwh 1641-01-01|1641-12-31/1642-01-01|1642-12-31,,,,1594,1594-01-01/1594-12-31,Aken,,1687,1687-01-01/1687-12-31,Amsterdam,,,,,,,,,,,,,,_,,,,,
,Jean ,,Dailly,M,"1641/42 - R. 66 - NN Wwh, nr. 3",R. 66,"1639, 42, 43 Wwh D., 53, 54, 58, 59, 62, 63 A.",Wwh 1639-01-01|1639-12-31/1643-01-01|1643-12-31; Wwh 1642-01-01|1642-12-31/1654-01-01|1654-12-31; Wwh 1653-01-01|1653-12-31/1659-01-01|1659-12-31; Wwh 1658-01-01|1658-12-31/1663-01-01|1663-12-31,,,,1605,1605-01-01/1605-12-31,Amsterdam,,1664,1664-01-01/1664-12-31,Amsterdam,,,,,,,,,,,,,,,,,,,
,Pierre,,Sauchelle,M,"1641/42 - R. 66 - NN Wwh, nr. 2",R. 66,"1639, 40 Wwh D., 48, 49, 52, 53, 60, 61, 64, 65 A.",Wwh 1639-01-01|1639-12-31/1640-01-01|1640-12-31; Wwh 1648-01-01|1648-12-31/1649-01-01|1649-12-31; Wwh 1652-01-01|1652-12-31/1653-01-01|1653-12-31; Wwh 1660-01-01|1660-12-31/1661-01-01|1661-12-31; Wwh 1664-01-01|1664-12-31/1665-01-01|1665-12-31,,,,ca. 1594,1592-01-01/1596-12-31,Doornik,,,,,,,,,,,,,,,,,,,,,,,
,Nicaise,Thomas le,Clerc,M,"1641/42 - R. 66 - NN Wwh, nr. 4",R. 66,"1640, 41, 44, 45 Wwh D.",Wwh 1640-01-01|1640-12-31/1641-01-01|1641-12-31; Wwh 1644-01-01|1644-12-31/1645-01-01|1645-12-31,,,,1604/05,1604-01-01/1605-12-31,Valenciennes,,1659,1659-01-01/1659-12-31,,,,,,,,,,,,,,,,,,,,
,Abraham Guillaume,de / van,Boyrlant / Beyerland,M,"1641/42 - R. 66 - NN Wwh, nr. 1",R. 66,"1641, 42 Wwh A.",Wwh 1641-01-01|1641-12-31/1642-01-01|1642-12-31,,,,1586/87,1586-01-01/1587-12-31,,,?,,,,,,,,,,,,,,,,,,,,,
,Pierre,,Schardinel,M,,,"1643, 44 Wwh D.",Wwh 1643-01-01|1643-12-31/1644-01-01|1644-12-31,,,,,,,,,,,,,,,,,,,,,,,,,,,,,
,Isaac,,Hochepied,M,"1647/48 - R. 67 - NN Wwh, nr. 1",R. 67,"1645, 46, 49, 50 Wwh A.",Wwh 1645-01-01|1645-12-31/1646-01-01|1646-12-31; Wwh 1649-01-01|1649-12-31/1650-01-01|1650-12-31,,,,ca. 1595,1593-01-01/1597-12-31,Keulen,,1676,1676-01-01/1676-12-31,Amsterdam,,,,,,,,,,,,,,,,,,,
,Marc,,Muyssart / Muyssard,M,"1647/48 - R. 67 - NN Wwh, nr. 2",R. 67,"1645, 46 Wwh D., 57, 58, 65, 66 A.",Wwh 1645-01-01|1645-12-31/1646-01-01|1646-12-31; Wwh 1657-01-01|1657-12-31/1658-01-01|1658-12-31; Wwh 1665-01-01|1665-12-31/1666-01-01|1666-12-31,,,,voor 1605,?/1604-12-31,Rijssel,,1676,1676-01-01/1676-12-31,Amsterdam,,,,,,,,,,,,,,,,,,,
,Johan / Jean,le,Noir,M,"1647/48 - R. 67 - NN Wwh, nr. 3",R. 67,"1646, 47, 50, 51 Wwh D., 55, 56, 63, 64 A.",Wwh 1646-01-01|1646-12-31/1647-01-01|1647-12-31; Wwh 1650-01-01|1650-12-31/1651-01-01|1651-12-31; Wwh 1655-01-01|1655-12-31/1656-01-01|1656-12-31; Wwh 1663-01-01|1663-12-31/1664-01-01|1664-12-31,,,,ca. 1610,1608-01-01/1612-12-31,Danzig,,1669,1669-01-01/1669-12-31,Amsterdam,,,,,,,,,,,,,,,,,,,
,Jacques,la,Haye,M,"1647/48 - R. 67 - NN Wwh, nr. 4",R. 67,"1647, 48 Wwh D., 51, 52, 56, 57 A.",Wwh 1647-01-01|1647-12-31/1648-01-01|1648-12-31; Wwh 1651-01-01|1651-12-31/1652-01-01|1652-12-31; Wwh 1656-01-01|1656-12-31/1657-01-01|1657-12-31,,,,1600/01,1600-01-01/1601-12-31,,,1671,1671-01-01/1671-12-31,Amsterdam,,,,,,,,,,,,,,,,,,,
,Pierre,,Marin,M,,,"1648, 49 Wwh D.",Wwh 1648-01-01|1648-12-31/1649-01-01|1649-12-31,,,,,,,,,,,,,,,,,,,,,,,,,,,,,
,Michel,,Amya,M,,,"1649, 50 Wwh D., 54, 55 A.",Wwh 1649-01-01|1649-12-31/1650-01-01|1650-12-31; Wwh 1654-01-01|1654-12-31/1655-01-01|1655-12-31,,,,,,,,,,,,,,,,,,,,,,,,,,,,,
,Baudouin,des,Bordes,M,"1653 - R. 65 - vdHelst Wwh, nr. 3",R. 65,"1651, 52, 58 D., 70, 71 A.",Wwh 1651-01-01|1651-12-31/1652-01-01|1652-12-31; Wwh 1658-01-01|1658-12-31/1658-01-01|1658-12-31; Wwh 1670-01-01|1670-12-31/1671-01-01|1671-12-31,,,,1609,1609-01-01/1609-12-31,Amsterdam,,1680-03-14,1680-03-14,Amsterdam,"DTB 1130, p. 327",,,,,,,,,,,,,,,,,,
,Philippe,,Cornelisz,M,,,"1652, 53 Wwh D.",Wwh 1652-01-01|1652-12-31/1653-01-01|1653-12-31,,,,,,,,,,,,,,,,,,,,,,,,,,,,,
,Joseph,,Serrurier,M,"1653 - R. 65 - vdHelst Wwh, nr. 4",R. 65,"1653, 54 Wwh D.",Wwh 1653-01-01|1653-12-31/1654-01-01|1654-12-31,,,,1619/20,1619-01-01/1620-12-31,Loudch [Londen?],,"1668, in of na",1668-01-01/?,,,"Maria de Roo (1), Maria de Baue (2)","1646-06-07 (1, 26 jr.), 1659-05-31 (2)","DTB 463, p. 273 (1), DTB 480, p. 35 (2)","Hoek Korte Spinhuissteeg (1646), Antonisbreestraat (1659)",,,,,,,,,,,,,,
,Guillaume,,Henry,M,,,"1654, 55 Wwh D., 66, 67, 71, 72 A.",Wwh 1654-01-01|1654-12-31/1655-01-01|1655-12-31; Wwh 1666-01-01|1666-12-31/1667-01-01|1667-12-31; Wwh 1671-01-01|1671-12-31/1672-01-01|1672-12-31,,,,,,,,,,,,,,,,,,,,,,,,,,,,,
,Paul,,Godin,M,"1671 - R. 69 - A. Backer Wwh, nr. 2",R. 69,"1655, 56 Wwh D., 69, 70 A.",Wwh 1655-01-01|1655-12-31/1656-01-01|1656-12-31; Wwh 1669-01-01|1669-12-31/1670-01-01|1670-12-31,,,,1615,1615-01-01/1615-12-31,Amsterdam,,1690,1690-01-01/1690-12-31,Amsterdam,,,,,,,,,,,,,,,"135.000 - f. 675 - W. 58, f. 546v",,,,
,Eustache,,Trevache,M,,,"1656, 57 Wwh D.",Wwh 1656-01-01|1656-12-31/1657-01-01|1657-12-31,,,,,,,,,,,,,,,,,,,,,,,,,,,,,
,Jacques,,Wastelier,M,"1662 - R. 68 - vdTempel Wwh, nr. 2",R. 68,"1657, 58 Wwh D., 61, 62 A.",Wwh 1657-01-01|1657-12-31/1658-01-01|1658-12-31; Wwh 1661-01-01|1661-12-31/1662-01-01|1662-12-31,,,,1611/'12,1611-01-01/1612-12-31,Stegeren,,1671,1671-01-01/1671-12-31,Amsterdam,,,,,,,,,,,,,,,"010.000 - f. 50 - W. 25, f. 234",,,,
,Abraham,,Muyssart,M,"1662 - R. 68 - vdTempel Wwh, nr. 1",R. 68,"1659, 60 Wwh A.",Wwh 1659-01-01|1659-12-31/1660-01-01|1660-12-31,,,,1605,1605-01-01/1605-12-31,Amsterdam,,1675,1675-01-01/1675-12-31,Amsterdam,,,,,,,,,,,,,,,"100.000 - f. 500 - W. 60, f. 557v",,,,
,Baudoin,de,Preys,M,,,1659 Wwh D.,Wwh 1659-01-01|1659-12-31/1659-01-01|1659-12-31,,,,,,,,,,,,,,,,,,,,,,,,,,,,,
,Bries,,Engelbreght,M,,,"1659, 60, 63, 64 Wwh D.",Wwh 1659-01-01|1659-12-31/1660-01-01|1660-12-31; Wwh 1663-01-01|1663-12-31/1664-01-01|1664-12-31,,,,,,,,,,,,,,,,,,,,,,,,,,,,,
,Jacques,,Libert,M,,,"1660, 61, 64, 65 Wwh D.",Wwh 1660-01-01|1660-12-31/1661-01-01|1661-12-31; Wwh 1664-01-01|1664-12-31/1665-01-01|1665-12-31,,,,,,,,,,,,,,,,,,,,,,,,,,,,,
,Jacques,,Provost,M,"1662 - R. 68 - vdTempel Wwh, nr. 3",R. 68,"1661, 62 Wwh D., 74, 75, 79, 80 A.",Wwh 1661-01-01|1661-12-31/1662-01-01|1662-12-31; Wwh 1674-01-01|1674-12-31/1675-01-01|1675-12-31; Wwh 1679-01-01|1679-12-31/1680-01-01|1680-12-31,,,,1614/'15,1614-01-01/1615-12-31,Keulen,,1683,1683-01-01/1683-12-31,Amsterdam,,,,,,,,,,,,,,,"020.000 - f. 100 - W. 6, f. 50v",,,,
,Jean,Pietersz de la,Fontaine,M,"1662 - R. 68 - vdTempel Wwh, nr. 4",R. 68,"1662, 63 Wwh D.",Wwh 1662-01-01|1662-12-31/1663-01-01|1663-12-31,,,,1625/26,1625-01-01/1626-12-31,Valenciennes,,1678,1678-01-01/1678-12-31,Amsterdam,,,,,,,,,,,,,,,"060.000 - f. 300 - W. 6, f. 53 (JPFonteijn) of 022.000 - f. 110 - W. 9, f. 90v (JdelaFontaine)",,,,
,Everard,van,Harn,M,,,"1665, 66 Wwh D.",Wwh 1665-01-01|1665-12-31/1666-01-01|1666-12-31,,,,,,,,,,,,,,,,,,,,,,,,,,,,,
,David,,Boursse,M,,,"1666, 67, 70, 71 Wwh D.",Wwh 1666-01-01|1666-12-31/1667-01-01|1667-12-31; Wwh 1670-01-01|1670-12-31/1671-01-01|1671-12-31,,,,,,,,,,,,,,,,,,,,,,,,,,,,,
,Abraham,,Sena,M,,,"1667, 68, 75, 76 Wwh A.",Wwh 1667-01-01|1667-12-31/1668-01-01|1668-12-31; Wwh 1675-01-01|1675-12-31/1676-01-01|1676-12-31,,,,,,,,,,,,,,,,,,,,,,,,,,,,,
,Isaac,,Brayne,M,,,"1667, 68 Wwh D.",Wwh 1667-01-01|1667-12-31/1668-01-01|1668-12-31,,,,,,,,,,,,,,,,,,,,,,,,,,,,,
,Antoine,,Warin,M,"1671 - R. 69 - A. Backer Wwh, nr. 1",R. 69,"1668, 69, 72, 73, 77, 78, 82, 83 Wwh A.",Wwh 1668-01-01|1668-12-31/1669-01-01|1669-12-31; Wwh 1672-01-01|1672-12-31/1673-01-01|1673-12-31; Wwh 1677-01-01|1677-12-31/1678-01-01|1678-12-31; Wwh 1682-01-01|1682-12-31/1683-01-01|1683-12-31,,,,1619,1619-01-01/1619-12-31,Merville,,1691,1691-01-01/1691-12-31,Amsterdam,,,,,,,,,,,,,,,"050.000 - f. 250 - W. 57, f. 538v",,,,
,Jeremie,van,Raey,M,"1671 - R. 69 - A. Backer Wwh, nr. 3",R. 69,"1668, 69 Wwh D., 73, 74 A.",Wwh 1668-01-01|1668-12-31/1669-01-01|1669-12-31; Wwh 1673-01-01|1673-12-31/1674-01-01|1674-12-31,,,,1630,1630-01-01/1630-12-31,Amsterdam,,1705,1705-01-01/1705-12-31,Amsterdam,,,,,,,,,,,,,,,"150.000 - f. 750 - W. 58, f. 548",,,,
,Jean,du,Roy,M,"1671 - R. 69 - A. Backer Wwh, nr. 4",R. 69,"1669, 70 Wwh D.",Wwh 1669-01-01|1669-12-31/1670-01-01|1670-12-31,,,,1622/23,1622-01-01/1623-12-31,Rivelle,,1671-01-29,1671-01-29,Amsterdam,,,,,,,,,,,,,,,"001.000 - f. 5 - W. 56, f. 529v (erven)",,,,
,Pierre,de,Lange,M,,,"1671, 72 Wwh D.",Wwh 1671-01-01|1671-12-31/1672-01-01|1672-12-31,,,,,,,,,,,,,,,,,,,,,,,,,,,,,
,François,,Pardique,M,,,"1672, 73, 76, 77, 80, 81, 84, 85, 91, 92 Wwh",Wwh 1672-01-01|1672-12-31/1673-01-01|1673-12-31; Wwh 1676-01-01|1676-12-31/1677-01-01|1677-12-31; Wwh 1680-01-01|1680-12-31/1681-01-01|1681-12-31; Wwh 1684-01-01|1684-12-31/1685-01-01|1685-12-31; Wwh 1691-01-01|1691-12-31/1692-01-01|1692-12-31,,,,,,,,,,,,,,,,,,,,,,,,,,,,,
,Jean,,Mercier,M,,,"1673, 74 Wwh",Wwh 1673-01-01|1673-12-31/1674-01-01|1674-12-31,,,,,,,,,,,,,,,,,,,,,,,,,,,,,
,Isaac,,Minuit,M,,,"1674, 75, 86, 87 Wwh",Wwh 1674-01-01|1674-12-31/1675-01-01|1675-12-31; Wwh 1686-01-01|1686-12-31/1687-01-01|1687-12-31,,,,,,,,,,,,,,,,,,,,,,,,,,,,,
,Denis,,Bert,M,,,"1675, 76 Wwh",Wwh 1675-01-01|1675-12-31/1676-01-01|1676-12-31,,,,,,,,,,,,,,,,,,,,,,,,,,,,,
,Abraham,de la,Fontaine,M,,,"1676, 77, 81, 82 Wwh",Wwh 1676-01-01|1676-12-31/1677-01-01|1677-12-31; Wwh 1681-01-01|1681-12-31/1682-01-01|1682-12-31,,,,,,,,,,,,,,,,,,,,,,,,,,,,,
,Pierre,de la,Haye,M,,,"1677, 78 Wwh",Wwh 1677-01-01|1677-12-31/1678-01-01|1678-12-31,,,,,,,,,,,,,,,,,,,,,,,,,,,,,
,Esaïe,,Flournoy,M,,,"1678, 79 Wwh",Wwh 1678-01-01|1678-12-31/1679-01-01|1679-12-31,,,,,,,,,,,,,,,,,,,,,,,,,,,,,
,Pierre,le,Grand,M,,,"1678, 79, 85, 86, 88, 89 Wwh",Wwh 1678-01-01|1678-12-31/1679-01-01|1679-12-31; Wwh 1685-01-01|1685-12-31/1686-01-01|1686-12-31; Wwh 1688-01-01|1688-12-31/1689-01-01|1689-12-31,,,,,,,,,,,,,,,,,,,,,,,,,,,,,
,Jean,,Benoist,M,,,"1679, 80, 83, 84, 95, 96 Wwh",Wwh 1679-01-01|1679-12-31/1680-01-01|1680-12-31; Wwh 1683-01-01|1683-12-31/1684-01-01|1684-12-31; Wwh 1695-01-01|1695-12-31/1696-01-01|1696-12-31,,,,,,,,,,,,,,,,,,,,,,,,,,,,,
,Corneille,,Vermeulle,M,,,"1680, 81, 89, 90, 93, 94 Wwh",Wwh 1680-01-01|1680-12-31/1681-01-01|1681-12-31; Wwh 1689-01-01|1689-12-31/1690-01-01|1690-12-31; Wwh 1693-01-01|1693-12-31/1694-01-01|1694-12-31,,,,,,,,,,,,,,,,,,,,,,,,,,,,,
,Adriaen,van der,Cruys,M,,,"1681, 82, 88, 89, 98, 99, 1703, 04, 06, 07, 10, 11, 13, 14, 16, 17, 19, 20, 22, 23 Wwh",Wwh 1681-01-01|1681-12-31/1682-01-01|1682-12-31; Wwh 1688-01-01|1688-12-31/1689-01-01|1689-12-31; Wwh 1698-01-01|1698-12-31/1699-01-01|1699-12-31; Wwh 1703-01-01|1703-12-31/1704-01-01|1704-12-31; Wwh 1706-01-01|1706-12-31/1707-01-01|1707-12-31; Wwh 1710-01-01|1710-12-31/1711-01-01|1711-12-31; Wwh 1713-01-01|1713-12-31/1714-01-01|1714-12-31; Wwh 1716-01-01|1716-12-31/1717-01-01|1717-12-31; Wwh 1719-01-01|1719-12-31/1720-01-01|1720-12-31; Wwh 1722-01-01|1722-12-31/1723-01-01|1723-12-31,,,,,,,,,,,,,,,,,,,,,,,,,,,,,
,Jean,,Gillesz,M,,,"1682, 83, 96, 97, 99, 1700, 01, 03, 05, 06 Wwh",Wwh 1682-01-01|1682-12-31/1683-01-01|1683-12-31; Wwh 1696-01-01|1696-12-31/1697-01-01|1697-12-31; Wwh 1699-01-01|1699-12-31/1700-01-01|1700-12-31; Wwh 1701-01-01|1701-12-31/1701-01-01|1701-12-31; Wwh 1703-01-01|1703-12-31/1703-01-01|1703-12-31; Wwh 1705-01-01|1705-12-31/1706-01-01|1706-12-31,,,,,,,,,,,,,,,,,,,,,,,,,,,,,
,Pierre,,Muyssart,M,,,"1683, 84 Wwh",Wwh 1683-01-01|1683-12-31/1684-01-01|1684-12-31,,,,,,,,,,,,,,,,,,,,,,,,,,,,,
,Jacob,,Delcourt,M,,,"1684, 85, 94, 95, 1700, 01 Wwh",Wwh 1684-01-01|1684-12-31/1685-01-01|1685-12-31; Wwh 1694-01-01|1694-12-31/1695-01-01|1695-12-31; Wwh 1700-01-01|1700-12-31/1701-01-01|1701-12-31,,,,,,,,,,,,,,,,,,,,,,,,,,,,,
,Isaac,de la,Fontaine,M,,,"1685, 86 Wwh",Wwh 1685-01-01|1685-12-31/1686-01-01|1686-12-31,,,,,,,,,,,,,,,,,,,,,,,,,,,,,
,Jean,du,Peyrou,M,,,"1686, 87 Wwh",Wwh 1686-01-01|1686-12-31/1687-01-01|1687-12-31,,,,,,,,,,,,,,,,,,,,,,,,,,,,,
,Gilles,de la,Haye,M,,,"1687, 88 Wwh",Wwh 1687-01-01|1687-12-31/1688-01-01|1688-12-31,,,,,,,,,,,,,,,,,,,,,,,,,,,,,
,Abraham,de,Riemer,M,,,"1687, 88 Wwh",Wwh 1687-01-01|1687-12-31/1688-01-01|1688-12-31,,,,,,,,,,,,,,,,,,,,,,,,,,,,,
,Guillaume,,Mottet,M,,,"1689, 90 Wwh",Wwh 1689-01-01|1689-12-31/1690-01-01|1690-12-31,,,,,,,,,,,,,,,,,,,,,,,,,,,,,
,Daniel,,Desbouverie,M,,,"1690, 91 Wwh",Wwh 1690-01-01|1690-12-31/1691-01-01|1691-12-31,,,,,,,,,,,,,,,,,,,,,,,,,,,,,
,Jean,du,Bourgh,M,,,"1690, 91 Wwh",Wwh 1690-01-01|1690-12-31/1691-01-01|1691-12-31,,,,,,,,,,,,,,,,,,,,,,,,,,,,,
,Jacques,,Maillart,M,"1709 - R. 71 - Boonen Wwh, nr, 1",R. 71,"1691, 92 Wwh D., 1707, 08, 11, 12, 14, 15, 17, 18, 19, 21, 22, 24, 25 A.",Wwh 1691-01-01|1691-12-31/1692-01-01|1692-12-31; Wwh 1707-01-01|1707-12-31/1708-01-01|1708-12-31; Wwh 1711-01-01|1711-12-31/1712-01-01|1712-12-31; Wwh 1714-01-01|1714-12-31/1715-01-01|1715-12-31; Wwh 1717-01-01|1717-12-31/1718-01-01|1718-12-31; Wwh 1719-01-01|1719-12-31/1719-01-01|1719-12-31; Wwh 1721-01-01|1721-12-31/1722-01-01|1722-12-31; Wwh 1724-01-01|1724-12-31/1725-01-01|1725-12-31,,,,1654,1654-01-01/1654-12-31,Montdidier,,1738,1738-01-01/1738-12-31,Amsterdam,,,,,,,,,,,,,,,,,,,
,Isaac,,Muyssart,M,,,"1692, 93 Wwh A.",Wwh 1692-01-01|1692-12-31/1693-01-01|1693-12-31,,,,,,,,,,,,,,,,,,,,,,,,,,,,,
,Corneille,de,Nis,M,,,"1692, 93 Wwh D.",Wwh 1692-01-01|1692-12-31/1693-01-01|1693-12-31,,,,,,,,,,,,,,,,,,,,,,,,,,,,,
,Gilles,van,Eys,M,"1709 - R. 71 - Boonen Wwh, nr, 2",R. 71,"1693, 94 Wwh D., 1708, 09, 12, 13, 18 A.",Wwh 1693-01-01|1693-12-31/1694-01-01|1694-12-31; Wwh 1708-01-01|1708-12-31/1709-01-01|1709-12-31; Wwh 1712-01-01|1712-12-31/1713-01-01|1713-12-31; Wwh 1718-01-01|1718-12-31/1718-01-01|1718-12-31,,,,1656,1656-01-01/1656-12-31,Aken,,1734,1734-01-01/1734-12-31,Amsterdam,,,1683,,Fluwelen Burgwal,,,,,,,,,,,,,,
,Jacob,,Forterie,M,,,"1694, 95 Wwh",Wwh 1694-01-01|1694-12-31/1695-01-01|1695-12-31,,,,,,,,,,,,,,,,,,,,,,,,,,,,,
,Jacob,du,Plouis,M,,,"1695, 96 Wwh",Wwh 1695-01-01|1695-12-31/1696-01-01|1696-12-31,,,,,,,,,,,,,,,,,,,,,,,,,,,,,
,Jean,,Japin,M,,,"1696, 97 Wwh",Wwh 1696-01-01|1696-12-31/1697-01-01|1697-12-31,,,,,,,,,,,,,,,,,,,,,,,,,,,,,
,Pierre,,Engels,M,,,"1697, 98, 1701, 02 Wwh",Wwh 1697-01-01|1697-12-31/1698-01-01|1698-12-31; Wwh 1701-01-01|1701-12-31/1702-01-01|1702-12-31,,,,,,,,,,,,,,,,,,,,,,,,,,,,,
,François,,Baugé,M,,,"1697, 98, 1720, 21 Wwh",Wwh 1697-01-01|1697-12-31/1698-01-01|1698-12-31; Wwh 1720-01-01|1720-12-31/1721-01-01|1721-12-31,,,,,,,,,,,,,,,,,,,,,,,,,,,,,
,Philippe,de la,Fontaine,M,,,"1698, 99 Wwh",Wwh 1698-01-01|1698-12-31/1699-01-01|1699-12-31,,,,,,,,,,,,,,,,,,,,,,,,,,,,,
,Isaac,de,Visch,M,,,"1699, 1700 Wwh",Wwh 1699-01-01|1699-12-31/1700-01-01|1700-12-31,,,,,,,,,,,,,,,,,,,,,,,,,,,,,
,Jacob,,Blanchetête,M,,,"1700, 01 Wwh",Wwh 1700-01-01|1700-12-31/1701-01-01|1701-12-31,,,,,,,,,,,,,,,,,,,,,,,,,,,,,
,Philippe,,Couturier,M,,,"1701, 02 Wwh D., 25, 26 A.",Wwh 1701-01-01|1701-12-31/1702-01-01|1702-12-31; Wwh 1725-01-01|1725-12-31/1726-01-01|1726-12-31,,,,,,,,,,,,,,,,,,,,,,,,,,,,,
,Pierre,le,Grand,M,,,"1702, 03 Wwh D., 23, 24 A.",Wwh 1702-01-01|1702-12-31/1703-01-01|1703-12-31; Wwh 1723-01-01|1723-12-31/1724-01-01|1724-12-31,,,,,,,,,,,,,,,,,,,,,,,,,,,,,
,Noé,,Marissal,M,,,"1703, 04 Wwh",Wwh 1703-01-01|1703-12-31/1704-01-01|1704-12-31,,,,,,,,,,,,,,,,,,,,,,,,,,,,,
,Louïs,du,Chesne,M,,,"1704, 05 Wwh",Wwh 1704-01-01|1704-12-31/1705-01-01|1705-12-31,,,,,,,,,,,,,,,,,,,,,,,,,,,,,
,Theodore,,Vignon,M,,,"1704, 05 Wwh",Wwh 1704-01-01|1704-12-31/1705-01-01|1705-12-31,,,,,,,,,,,,,,,,,,,,,,,,,,,,,
,François,,Robidé,M,,,"1705, 06 wwh",Wwh 1705-01-01|1705-12-31/1706-01-01|1706-12-31,,,,,,,,,,,,,,,,,,,,,,,,,,,,,
,Daniel,,Monty,M,,,"1706, 07 Wwh",Wwh 1706-01-01|1706-12-31/1707-01-01|1707-12-31,,,,,,,,,,,,,,,,,,,,,,,,,,,,,
,Robert,,Neél / Néel,M,"1709 - R. 71 - Boonen Wwh, nr. 3",R. 71,"1707, 08 Wwh D.",Wwh 1707-01-01|1707-12-31/1708-01-01|1708-12-31,,,,"1669, in of voor",?/1669-12-31,Dieppe,,1745,1745-01-01/1745-12-31,Amsterdam,,,,,,,,,,,,,,,,,,,
,Daniel,le,Plastrier,M,"1709 - R. 71 - Boonen Wwh, nr. 4",R. 71,"1708, 09 Wwh D., 28, 29, 31, 32, 35, 36, 38, 39, 41, 42 A.",Wwh 1708-01-01|1708-12-31/1709-01-01|1709-12-31; Wwh 1728-01-01|1728-12-31/1729-01-01|1729-12-31; Wwh 1731-01-01|1731-12-31/1732-01-01|1732-12-31; Wwh 1735-01-01|1735-12-31/1736-01-01|1736-12-31; Wwh 1738-01-01|1738-12-31/1739-01-01|1739-12-31; Wwh 1741-01-01|1741-12-31/1742-01-01|1742-12-31,,,,1669,1669-01-01/1669-12-31,Rouen,,1743,1743-01-01/1743-12-31,Amsterdam,,,,,,,,,,,,,,,,,,,
,Samuel,,Congnard,M,,,"1709, 10, 15, 16 Wwh",Wwh 1709-01-01|1709-12-31/1710-01-01|1710-12-31; Wwh 1715-01-01|1715-12-31/1716-01-01|1716-12-31,,,,,,,,,,,,,,,,,,,,,,,,,,,,,
,Isaac,le,Boullenger,M,,,"1709, 10 Wwh",Wwh 1709-01-01|1709-12-31/1710-01-01|1710-12-31,,,,,,,,,,,,,,,,,,,,,,,,,,,,,
,Isaac,,Cazals,M,,,"1710, 11, 14, 15 Wwh D., 27, 28, 30, 31 A.",Wwh 1710-01-01|1710-12-31/1711-01-01|1711-12-31; Wwh 1714-01-01|1714-12-31/1715-01-01|1715-12-31; Wwh 1727-01-01|1727-12-31/1728-01-01|1728-12-31; Wwh 1730-01-01|1730-12-31/1731-01-01|1731-12-31,,,,,,,,,,,,,,,,,,,,,,,,,,,,,
,Philippe,de la,Fontaine Wicart,M,,,"1711, 12, 15 Wwh",Wwh 1711-01-01|1711-12-31/1712-01-01|1712-12-31; Wwh 1715-01-01|1715-12-31/1715-01-01|1715-12-31,,,,,,,,,,,,,,,,,,,,,,,,,,,,,
,Philippe,,Meusnier,M,,,"1712, 13, 16",Wwh 1712-01-01|1712-12-31/1713-01-01|1713-12-31; Wwh 1716-01-01|1716-12-31/1716-01-01|1716-12-31,,,,,,,,,,,,,,,,,,,,,,,,,,,,,
,Daniel,,Bonenfant,M,,,"1713, 14 Wwh",Wwh 1713-01-01|1713-12-31/1714-01-01|1714-12-31,,,,,,,,,,,,,,,,,,,,,,,,,,,,,
,Pierre,,Balguerie,M,,,"1716, 17 Wwh",Wwh 1716-01-01|1716-12-31/1717-01-01|1717-12-31,,,,,,,,,,,,,,,,,,,,,,,,,,,,,
,Jacques,,Amiot,M,,,"1717, 18 Wwh",Wwh 1717-01-01|1717-12-31/1718-01-01|1718-12-31,,,,,,,,,,,,,,,,,,,,,,,,,,,,,
,Pierre,,Docher,M,,,"1718, 19, 22, 23 Wwh",Wwh 1718-01-01|1718-12-31/1719-01-01|1719-12-31; Wwh 1722-01-01|1722-12-31/1723-01-01|1723-12-31,,,,,,,,,,,,,,,,,,,,,,,,,,,,,
,Guillaume,,Mottet,M,,,"1719, 20, 23, 24 Wwh D., 26, 27, 33, 34 A.",Wwh 1719-01-01|1719-12-31/1720-01-01|1720-12-31; Wwh 1723-01-01|1723-12-31/1724-01-01|1724-12-31; Wwh 1726-01-01|1726-12-31/1727-01-01|1727-12-31; Wwh 1733-01-01|1733-12-31/1734-01-01|1734-12-31,,,,,,,,,,,,,,,,,,,,,,,,,,,,,
,Jean,,Colvius,M,,,"1720, 21 Wwh",Wwh 1720-01-01|1720-12-31/1721-01-01|1721-12-31,,,,,,,,,,,,,,,,,,,,,,,,,,,,,
,Jean,du,Long,M,,,"1721, 22, 41, 42, 47, 48 Wwh",Wwh 1721-01-01|1721-12-31/1722-01-01|1722-12-31; Wwh 1741-01-01|1741-12-31/1742-01-01|1742-12-31; Wwh 1747-01-01|1747-12-31/1748-01-01|1748-12-31,,,,,,,,,,,,,,,,,,,,,,,,,,,,,
,Jacques,,Moutty,M,,,"1724, 25 Wwh",Wwh 1724-01-01|1724-12-31/1725-01-01|1725-12-31,,,,,,,,,,,,,,,,,,,,,,,,,,,,,
,Jean,,Bargignac,M,,,"1725, 26 Wwh",Wwh 1725-01-01|1725-12-31/1726-01-01|1726-12-31,,,,,,,,,,,,,,,,,,,,,,,,,,,,,
,Willem,,Clermont Johannesz,M,,,"1726, 27 Wwh D., 42, 43, 49, 50 A.",Wwh 1726-01-01|1726-12-31/1727-01-01|1727-12-31; Wwh 1742-01-01|1742-12-31/1743-01-01|1743-12-31; Wwh 1749-01-01|1749-12-31/1750-01-01|1750-12-31,,,,,,,,,,,,,,,,,,,,,,,,,,,,,
,François,,Juillon,M,,,"1727, 28 Wwh",Wwh 1727-01-01|1727-12-31/1728-01-01|1728-12-31,,,,,,,,,,,,,,,,,,,,,,,,,,,,,
,Abraham,,Clary,M,,,"1728, 29, 54, 55 wwh",Wwh 1728-01-01|1728-12-31/1729-01-01|1729-12-31; Wwh 1754-01-01|1754-12-31/1755-01-01|1755-12-31,,,,,,,,,,,,,,,,,,,,,,,,,,,,,
,Robert,,Neel Jr.,M,,,"1729 Wwh D., 1754 (i.p.v. A. Clary), 55 A.",Wwh 1729-01-01|1729-12-31/1755-01-01|1755-12-31,,,,,,,,,,,,,,,,,,,,,,,,,,,,,
,Abraham,,Japin,M,,,"1729, 30 wwh",Wwh 1729-01-01|1729-12-31/1730-01-01|1730-12-31,,,,,,,,,,,,,,,,,,,,,,,,,,,,,
,Jean,,Martin,M,,,"1729, 30, 50, 51 Wwh",Wwh 1729-01-01|1729-12-31/1730-01-01|1730-12-31; Wwh 1750-01-01|1750-12-31/1751-01-01|1751-12-31,,,,,,,,,,,,,,,,,,,,,,,,,,,,,
,Nicolas,,Rousselet,M,,,"1730, 31 Wwh",Wwh 1730-01-01|1730-12-31/1731-01-01|1731-12-31,,,,,,,,,,,,,,,,,,,,,,,,,,,,,
,Pierre,,Benoist,M,,,"1731, 32, 35 Wwh D., 45, 46, 47, 53 A.",Wwh 1731-01-01|1731-12-31/1732-01-01|1732-12-31; Wwh 1735-01-01|1735-12-31/1735-01-01|1735-12-31; Wwh 1745-01-01|1745-12-31/1746-01-01|1746-12-31; Wwh 1747-01-01|1747-12-31/1747-01-01|1747-12-31; Wwh 1753-01-01|1753-12-31/1753-01-01|1753-12-31,,,,,,,,,,,,,,,,,,,,,,,,,,,,,
,Paul,,Allier,M,,,"1732, 33 Wwh",Wwh 1732-01-01|1732-12-31/1733-01-01|1733-12-31,,,,,,,,,,,,,,,,,,,,,,,,,,,,,
,Joseph,,Chion,M,,,"1733, 34 Wwh",Wwh 1733-01-01|1733-12-31/1734-01-01|1734-12-31,,,,,,,,,,,,,,,,,,,,,,,,,,,,,
,Jacob,,Schues,M,,,"1734, 35 Wwh",Wwh 1734-01-01|1734-12-31/1735-01-01|1735-12-31,,,,,,,,,,,,,,,,,,,,,,,,,,,,,
,Bernard Abraham,,Godefroy,M,,,"1734, 35 Wwh",Wwh 1734-01-01|1734-12-31/1735-01-01|1735-12-31,,,,,,,,,,,,,,,,,,,,,,,,,,,,,
,François,,Rigail,M,,,"1735, 36, 38, 39 Wwh",Wwh 1735-01-01|1735-12-31/1736-01-01|1736-12-31; Wwh 1738-01-01|1738-12-31/1739-01-01|1739-12-31,,,,,,,,,,,,,,,,,,,,,,,,,,,,,
,André,,Amsincq,M,,,"1736, 37 Wwh",Wwh 1736-01-01|1736-12-31/1737-01-01|1737-12-31,,,,,,,,,,,,,,,,,,,,,,,,,,,,,
,Jean Paul,,Cordes,M,,,"1737, 38 Wwh",Wwh 1737-01-01|1737-12-31/1738-01-01|1738-12-31,,,,,,,,,,,,,,,,,,,,,,,,,,,,,
,Isaac,,Ferrieres,M,,,"1737, 38 Wwh",Wwh 1737-01-01|1737-12-31/1738-01-01|1738-12-31,,,,,,,,,,,,,,,,,,,,,,,,,,,,,
,Isaac,,Chavat,M,,,"1739, 40 Wwh",Wwh 1739-01-01|1739-12-31/1740-01-01|1740-12-31,,,,,,,,,,,,,,,,,,,,,,,,,,,,,
,Laurens,le,Febvre,M,,,"1739, 40 Wwh",Wwh 1739-01-01|1739-12-31/1740-01-01|1740-12-31,,,,,,,,,,,,,,,,,,,,,,,,,,,,,
,Abraham,,Chatelain,M,,,"1740, 41, 44 Wwh",Wwh 1740-01-01|1740-12-31/1741-01-01|1741-12-31; Wwh 1744-01-01|1744-12-31/1744-01-01|1744-12-31,,,,,,,,,,,,,,,,,,,,,,,,,,,,,
,Joseph,,Texier,M,,,"1741, 42, 58, 59 Wwh",Wwh 1741-01-01|1741-12-31/1742-01-01|1742-12-31; Wwh 1758-01-01|1758-12-31/1759-01-01|1759-12-31,,,,,,,,,,,,,,,,,,,,,,,,,,,,,
,Josias,,Bellesaigne,M,,,"1742, 43, 44, 45 Wwh D., 55, 56, 61, 62, 65, 66, 67, 68 A.",Wwh 1742-01-01|1742-12-31/1743-01-01|1743-12-31; Wwh 1744-01-01|1744-12-31/1745-01-01|1745-12-31; Wwh 1755-01-01|1755-12-31/1756-01-01|1756-12-31; Wwh 1761-01-01|1761-12-31/1762-01-01|1762-12-31; Wwh 1765-01-01|1765-12-31/1766-01-01|1766-12-31; Wwh 1767-01-01|1767-12-31/1768-01-01|1768-12-31,,,,,,,,,,,,,,,,,,,,,,,,,,,,,
,Paul,,Renouard,M,,,"1743, 44 Wwh",Wwh 1743-01-01|1743-12-31/1744-01-01|1744-12-31,,,,,,,,,,,,,,,,,,,,,,,,,,,,,
,Jean Pierre,,St. Martin,M,,,"1744, 45 Wwh",Wwh 1744-01-01|1744-12-31/1745-01-01|1745-12-31,,,,,,,,,,,,,,,,,,,,,,,,,,,,,
,Pierre,,Mounier,M,,,"1745, 46 Wwh",Wwh 1745-01-01|1745-12-31/1746-01-01|1746-12-31,,,,,,,,,,,,,,,,,,,,,,,,,,,,,
,Guillaume,,Bernabé de Labat,M,,,"1745, 46 Wwh",Wwh 1745-01-01|1745-12-31/1746-01-01|1746-12-31,,,,,,,,,,,,,,,,,,,,,,,,,,,,,
,Michel Pierre,le,Cointe,M,,,"1746, 47, 48 Wwh",Wwh 1746-01-01|1746-12-31/1747-01-01|1747-12-31; Wwh 1748-01-01|1748-12-31/1748-01-01|1748-12-31,,,,,,,,,,,,,,,,,,,,,,,,,,,,,
,Gabriel,,Ferriere,M,,,"1747, 48, 49, 52, 53, 57, 58 Wwh",Wwh 1747-01-01|1747-12-31/1748-01-01|1748-12-31; Wwh 1749-01-01|1749-12-31/1749-01-01|1749-12-31; Wwh 1752-01-01|1752-12-31/1753-01-01|1753-12-31; Wwh 1757-01-01|1757-12-31/1758-01-01|1758-12-31,,,,,,,,,,,,,,,,,,,,,,,,,,,,,
,Pierre,de,Labat,M,,,"1748, 49 Wwh",Wwh 1748-01-01|1748-12-31/1749-01-01|1749-12-31,,,,,,,,,,,,,,,,,,,,,,,,,,,,,
,André,,Vauquet,M,,,"1749, 50 Wwh",Wwh 1749-01-01|1749-12-31/1750-01-01|1750-12-31,,,,,,,,,,,,,,,,,,,,,,,,,,,,,
,Josias,,Bourigaud Dartillact,M,,,"1750, 51 Wwh",Wwh 1750-01-01|1750-12-31/1751-01-01|1751-12-31,,,,,,,,,,,,,,,,,,,,,,,,,,,,,
,Jean,,Néel,M,,,"1751, 52, 68, 69 Wwh A.",Wwh 1751-01-01|1751-12-31/1752-01-01|1752-12-31; Wwh 1768-01-01|1768-12-31/1769-01-01|1769-12-31,,,,,,,,,,,,,,,,,,,,,,,,,,,,,
,Jean Estienne,,Fizeaux,M,,,"1751, 52 Wwh",Wwh 1751-01-01|1751-12-31/1752-01-01|1752-12-31,,,,,,,,,,,,,,,,,,,,,,,,,,,,,
,Jean,,Cazabou,M,,,1752 Wwh,Wwh 1752-01-01|1752-12-31/1752-01-01|1752-12-31,,,,,,,,,,,,,,,,,,,,,,,,,,,,,
,Geraut,la,Lauze,M,,,1753 Wwh,Wwh 1753-01-01|1753-12-31/1753-01-01|1753-12-31,,,,,,,,,,,,,,,,,,,,,,,,,,,,,
,Zacharie,le,Febvre,M,,,"1753, 54 Wwh D., 62, 63 A.",Wwh 1753-01-01|1753-12-31/1754-01-01|1754-12-31; Wwh 1762-01-01|1762-12-31/1763-01-01|1763-12-31,,,,,,,,,,,,,,,,,,,,,,,,,,,,,
,Jean,,Debary,M,,,"1753, 54 Wwh",Wwh 1753-01-01|1753-12-31/1754-01-01|1754-12-31,,,,,,,,,,,,,,,,,,,,,,,,,,,,,
,Daniel,,Flournoy,M,,,"1754, 55 Wwh D., 60, 61 A.",Wwh 1754-01-01|1754-12-31/1755-01-01|1755-12-31; Wwh 1760-01-01|1760-12-31/1761-01-01|1761-12-31,,,,,,,,,,,,,,,,,,,,,,,,,,,,,
,Elie,,Angely,M,,,"1755, 56, 60, 61 Wwh D.",Wwh 1755-01-01|1755-12-31/1756-01-01|1756-12-31; Wwh 1760-01-01|1760-12-31/1761-01-01|1761-12-31,,,,,,,,,,,,,,,,,,,,,,,,,,,,,
,Pierre Elie,,Blaquiere,M,,,"1756, 57 Wwh",Wwh 1756-01-01|1756-12-31/1757-01-01|1757-12-31,,,,,,,,,,,,,,,,,,,,,,,,,,,,,
,David Pierre,,Humbert,M,,,"1756, 57 Wwh",Wwh 1756-01-01|1756-12-31/1757-01-01|1757-12-31,,,,,,,,,,,,,,,,,,,,,,,,,,,,,
,Jaques,,Langlois,M,"1771 - R. 72 - Buys Wwh, nr. 1",R. 72,"1757, 58 Wwh D., 1766, 67, 70, 71, 72 A.",Wwh 1757-01-01|1757-12-31/1758-01-01|1758-12-31; Wwh 1766-01-01|1766-12-31/1767-01-01|1767-12-31; Wwh 1770-01-01|1770-12-31/1771-01-01|1771-12-31; Wwh 1772-01-01|1772-12-31/1772-01-01|1772-12-31,,,,1719,1719-01-01/1719-12-31,Amsterdam,,1799,1799-01-01/1799-12-31,Amsterdam,,,,,,,,,,,,,,,,,,,
,Nicolas,,Noording,M,,,"1758, 59 Wwh",Wwh 1758-01-01|1758-12-31/1759-01-01|1759-12-31,,,,,,,,,,,,,,,,,,,,,,,,,,,,,
,Jaques,,Delprat,M,,,"1759, 60, 63, 64 Wwh A.",Wwh 1759-01-01|1759-12-31/1760-01-01|1760-12-31; Wwh 1763-01-01|1763-12-31/1764-01-01|1764-12-31,,,,,,,,,,,,,,,,,,,,,,,,,,,,,
,Jean,,Bomer,M,,,"1759, 60 Wwh D.",Wwh 1759-01-01|1759-12-31/1760-01-01|1760-12-31,,,,,,,,1760-03-17,1760-03-17,,,,,,,,,,,,,,,,,,,,
,Charles,le,Maitre,M,,,1760 Wwh D. (i.p.v. J. Bomer),Wwh 1760-01-01|1760-12-31/1760-01-01|1760-12-31,,,,,,,,,,,,,,,,,,,,,,,,,,,,,
,Jean,,Jordan,M,,,"1761, 62, 63, 64 Wwh D., 1777, 78, 79, 80 A.",Wwh 1761-01-01|1761-12-31/1762-01-01|1762-12-31; Wwh 1763-01-01|1763-12-31/1764-01-01|1764-12-31; Wwh 1777-01-01|1777-12-31/1778-01-01|1778-12-31; Wwh 1779-01-01|1779-12-31/1780-01-01|1780-12-31,,,,,,,,,,,,,,,,,,,,,,,,,,,,,
,Jean Pierre,,St. Martin,M,,,"1762, 63 Wwh D.",Wwh 1762-01-01|1762-12-31/1763-01-01|1763-12-31,,,,,,,,,,,,,,,,,,,,,,,,,,,,,
,Samuel François,,Chatelain,M,,,1763 Wwh D.,Wwh 1763-01-01|1763-12-31/1763-01-01|1763-12-31,,,,,,,,,,,,,,,,,,,,,,,,,,,,,
,Guillaume,,Nairac,M,,,"1764, 65 Wwh A.",Wwh 1764-01-01|1764-12-31/1765-01-01|1765-12-31,,,,,,,,,,,,,,,,,,,,,,,,,,,,,
,Esaïe,,Gillot,M,,,"1764, 65 Wwh D.",Wwh 1764-01-01|1764-12-31/1765-01-01|1765-12-31,,,,,,,,,,,,,,,,,,,,,,,,,,,,,
,Daniel,,Delprat,M,,,"1765, 66 Wwh D.",Wwh 1765-01-01|1765-12-31/1766-01-01|1766-12-31,,,,,,,,,,,,,,,,,,,,,,,,,,,,,
,Isaac,,Lacoudré,M,,,"1766, 67 Wwh D.",Wwh 1766-01-01|1766-12-31/1767-01-01|1767-12-31,,,,,,,,,,,,,,,,,,,,,,,,,,,,,
,Isaac,,Amyot,M,,,"1767, 68 Wwh D.",Wwh 1767-01-01|1767-12-31/1768-01-01|1768-12-31,,,,,,,,,,,,,,,,,,,,,,,,,,,,,
,Michel,,Rigail,M,,,"1768, 69 Wwh D.",Wwh 1768-01-01|1768-12-31/1769-01-01|1769-12-31,,,,,,,,,,,,,,,,,,,,,,,,,,,,,
,Estienne,,Escot,M,"1771 - R. 72 - Buys Wwh, nr. 2",R. 72,"1769, 70, 71, 72 Wwh A.",Wwh 1769-01-01|1769-12-31/1770-01-01|1770-12-31; Wwh 1771-01-01|1771-12-31/1772-01-01|1772-12-31,,,,?,,Meynard,,1791,1791-01-01/1791-12-31,"Château de Pecang, Pomport",,,,,,,,,,,,,,,,,,,
,Etienne Jean,,Fizeaux,M,,,"1769, 70 Wwh D.",Wwh 1769-01-01|1769-12-31/1770-01-01|1770-12-31,,,,,,,,,,,,,,,,,,,,,,,,,,,,,
,Jean,,Texier,M,"1771 - R. 72 - Buys Wwh, nr. 3",R. 72,"1770, 71 Wwh D.",Wwh 1770-01-01|1770-12-31/1771-01-01|1771-12-31,,,,1729?,,Amsterdam?,,1797?,,Amsterdam?,,,,,,,,,,,,,,,,,,,
,David,,Delprat,M,"1771 - R. 72 - Buys Wwh, nr. 4",R. 72,"1771, 72 Wwh D.",Wwh 1771-01-01|1771-12-31/1772-01-01|1772-12-31,,,,1734,1734-01-01/1734-12-31,Amsterdam,,1784,1784-01-01/1784-12-31,Amsterdam,,,,,,,,,,,,,,,,,,,
,Jean Frederic,,Collignon D.,M,,,"1772, 73 Wwh D.",Wwh 1772-01-01|1772-12-31/1773-01-01|1773-12-31,,,,,,,,,,,,,,,,,,,,,,,,,,,,,
,Martinus,,Smit,M,,,"1773, 74 Wwh",Wwh 1773-01-01|1773-12-31/1774-01-01|1774-12-31,,,,,,,,,,,,,,,,,,,,,,,,,,,,,
,Reinier Willem,,Mess,M,,,"1774, 75, 76, 77, 78, 79 Wwh",Wwh 1774-01-01|1774-12-31/1775-01-01|1775-12-31; Wwh 1776-01-01|1776-12-31/1777-01-01|1777-12-31; Wwh 1778-01-01|1778-12-31/1779-01-01|1779-12-31,,,,,,,,,,,,,,,,,,,,,,,,,,,,,
,David,,Cuny,M,,,"1774, 75 Wwh D.",Wwh 1774-01-01|1774-12-31/1775-01-01|1775-12-31,,,,,,,,,,,,,,,,,,,,,,,,,,,,,
,Jean,,Cordes,M,,,"1775, 76 Wwh",Wwh 1775-01-01|1775-12-31/1776-01-01|1776-12-31,,,,,,,,,,,,,,,,,,,,,,,,,,,,,
,Abraham,,Godefroy,M,,,"1775, 76 Wwh D.",Wwh 1775-01-01|1775-12-31/1776-01-01|1776-12-31,,,,,,,,,,,,,,,,,,,,,,,,,,,,,
,Henri Jean,,Roulland,M,,,"1777, 78 Wwh D.",Wwh 1777-01-01|1777-12-31/1778-01-01|1778-12-31,,,,,,,,,,,,,,,,,,,,,,,,,,,,,
,Jean,van,Hemert,M,,,"1778, 79 Wwh D.",Wwh 1778-01-01|1778-12-31/1779-01-01|1779-12-31,,,,,,,,,,,,,,,,,,,,,,,,,,,,,
,René,,Roulland,M,,,"1779, 80, 84, 85 Wwh D.",Wwh 1779-01-01|1779-12-31/1780-01-01|1780-12-31; Wwh 1784-01-01|1784-12-31/1785-01-01|1785-12-31,,,,,,,,,,,,,,,,,,,,,,,,,,,,,
,Jean Henri,,Hageman,M,,,"1780, 81 Wwh D.",Wwh 1780-01-01|1780-12-31/1781-01-01|1781-12-31,,,,,,,,,,,,,,,,,,,,,,,,,,,,,
,Pierre Jacob,le,Febre,M,,,"1780, 81, 86, 87 Wwh",Wwh 1780-01-01|1780-12-31/1781-01-01|1781-12-31; Wwh 1786-01-01|1786-12-31/1787-01-01|1787-12-31,,,,,,,,,,,,,,,,,,,,,,,,,,,,,
,Leonard Daniel,,Bongaard,M,,,"1781, 82, 85, 86 Wwh",Wwh 1781-01-01|1781-12-31/1782-01-01|1782-12-31; Wwh 1785-01-01|1785-12-31/1786-01-01|1786-12-31,,,,,,,,,,,,,,,,,,,,,,,,,,,,,
,Philip,de,Bordes,M,,,"1781, 82 Wwh D., 1785, 85 A.",Wwh 1781-01-01|1781-12-31/1782-01-01|1782-12-31; Wwh 1785-01-01|1785-12-31/1785-01-01|1785-12-31; Wwh 1785-01-01|1785-12-31/1785-01-01|1785-12-31,,,,,,,,,,,,,,,,,,,,,,,,,,,,,
,Jean,van,Soestdijk,M,,,"1782, 83, 87, 88, 89 Wwh",Wwh 1782-01-01|1782-12-31/1783-01-01|1783-12-31; Wwh 1787-01-01|1787-12-31/1788-01-01|1788-12-31; Wwh 1789-01-01|1789-12-31/1789-01-01|1789-12-31,,,,,,,,,,,,,,,,,,,,,,,,,,,,,
,Willem,,Woudman,M,,,"1782, 83 Wwh D., 1798, 99 A.",Wwh 1782-01-01|1782-12-31/1783-01-01|1783-12-31; Wwh 1798-01-01|1798-12-31/1799-01-01|1799-12-31,,,,,,,,,,,,,,,,,,,,,,,,,,,,,
,Philip Jacob,van den,Velden,M,,,"1783, 84 Wwh",Wwh 1783-01-01|1783-12-31/1784-01-01|1784-12-31,,,,,,,,,,,,,,,,,,,,,,,,,,,,,
,Isac Gerard,,Thin van Keulen,M,,,"1783, 84, 89 Wwh D.",Wwh 1783-01-01|1783-12-31/1784-01-01|1784-12-31; Wwh 1789-01-01|1789-12-31/1789-01-01|1789-12-31,,,,,,,,,,,,,,,,,,,,,,,,,,,,,
,Jaques,,Bregúet,M,,,"1785, 86, 87, 90, 91, 1800, 01 Wwh D.",Wwh 1785-01-01|1785-12-31/1786-01-01|1786-12-31; Wwh 1787-01-01|1787-12-31/1787-01-01|1787-12-31; Wwh 1790-01-01|1790-12-31/1791-01-01|1791-12-31; Wwh 1800-01-01|1800-12-31/1801-01-01|1801-12-31,,,,,,,,,,,,,,,,,,,,,,,,,,,,,
,Jean,,Geraud,M,,,"1786, 87, 88 Wwh D.",Wwh 1786-01-01|1786-12-31/1787-01-01|1787-12-31; Wwh 1788-01-01|1788-12-31/1788-01-01|1788-12-31,,,,,,,,,,,,,,,,,,,,,,,,,,,,,
,Jacob,l',Anglois,M,,,"1788, 89 Wwh",Wwh 1788-01-01|1788-12-31/1789-01-01|1789-12-31,,,,,,,,,,,,,,,,,,,,,,,,,,,,,
,Henri Corneille,,Serrurier,M,,,"1788, 89 Wwh D.",Wwh 1788-01-01|1788-12-31/1789-01-01|1789-12-31,,,,,,,,,,,,,,,,,,,,,,,,,,,,,
Mr.,Herman,van,Schwarem,M,,,"1791, 92 Wwh",Wwh 1791-01-01|1791-12-31/1792-01-01|1792-12-31,,,,,,,,,,,,,,,,,,,,,,,,,,,,,
,Nicolas Johannes,,Vezeul,M,,,"1790, 91 Wwh",Wwh 1790-01-01|1790-12-31/1791-01-01|1791-12-31,,,,,,,,,,,,,,,,,,,,,,,,,,,,,
,Abraham Jacob,,Hottentot de Groot,M,,,"1790, 91, 94, 95 Wwh",Wwh 1790-01-01|1790-12-31/1791-01-01|1791-12-31; Wwh 1794-01-01|1794-12-31/1795-01-01|1795-12-31,,,,,,,,,,,,,,,,,,,,,,,,,,,,,
,Louis Antoine,,Bienfait,M,,,"1791, 92, 97, 98 Wwh D.",Wwh 1791-01-01|1791-12-31/1792-01-01|1792-12-31; Wwh 1797-01-01|1797-12-31/1798-01-01|1798-12-31,,,,,,,,,,,,,,,,,,,,,,,,,,,,,
,Jacob Paul,,Ceryon,M,,,"1792, 93 Wwh",Wwh 1792-01-01|1792-12-31/1793-01-01|1793-12-31,,,,,,,,1793-05-23,1793-05-23,,,,,,,,,,,,,,,,,,,,
,Michel,,Peyrette,M,,,"1792, 93, 94 Wwh D.",Wwh 1792-01-01|1792-12-31/1793-01-01|1793-12-31; Wwh 1794-01-01|1794-12-31/1794-01-01|1794-12-31,,,,,,,,,,,,,,,,,,,,,,,,,,,,,
,Jean,,Titsingh,M,,,"1793, 94 Wwh",Wwh 1793-01-01|1793-12-31/1794-01-01|1794-12-31,,,,,,,,1794-04-30,1794-04-30,,,,,,,,,,,,,,,,,,,,
,Pieter,ter,Borch,M,,,"1794, 95, 96, 97 Wwh",Wwh 1794-01-01|1794-12-31/1795-01-01|1795-12-31; Wwh 1796-01-01|1796-12-31/1797-01-01|1797-12-31,,,,,,,,,,,,,,,,,,,,,,,,,,,,,
,Jean,van der,Laen,M,,,"1794, 95, 96 Wwh",Wwh 1794-01-01|1794-12-31/1795-01-01|1795-12-31; Wwh 1796-01-01|1796-12-31/1796-01-01|1796-12-31,,,,,,,,,,,,,,,,,,,,,,,,,,,,,
Mr.,Esaïe,,Chatelain,M,,,"1795, 96 Wwh D.",Wwh 1795-01-01|1795-12-31/1796-01-01|1796-12-31,,,,,,,,,,,,,,,,,,,,,,,,,,,,,
Mr.,Jaques,,Teysset Jr.,M,,,"1796, 97, 98, 99 Wwh D.",Wwh 1796-01-01|1796-12-31/1797-01-01|1797-12-31; Wwh 1798-01-01|1798-12-31/1799-01-01|1799-12-31,,,,,,,,,,,,,,,,,,,,,,,,,,,,,
,Antoine,,Callenburgh Baartmans,M,,,"1797, 98 Wwh",Wwh 1797-01-01|1797-12-31/1798-01-01|1798-12-31,,,,,,,,,,,,,,,,,,,,,,,,,,,,,
Mr.,O.W.J.,,Berg,M,,,"1799, 1800 Wwh",Wwh 1799-01-01|1799-12-31/1800-01-01|1800-12-31,,,,,,,,,,,,,,,,,,,,,,,,,,,,,
,Adrien,,Teyler van Hall,M,,,"1799, 1800 Wwh D.",Wwh 1799-01-01|1799-12-31/1800-01-01|1800-12-31,,,,,,,,,,,,,,,,,,,,,,,,,,,,,
