id,Titel,Voornaam,Patroniem en tussenvoegsel,Achternaam,geslacht,Geportretteerd op,Geportretteerd op genormaliseerd,"jaren van benoeming tot overman, keurmeester commissaris of inspecteur / n. = overvulde nominatie",Andere bestuursfuncties,Meesterproef (SAA 366 / 245,Elias / Citroen 1975,Doop/geboren,Doop/geboren genormaliseerd,Doop/geboren te,DTB dopen,Begraven/overleden,Begraven/overleden genormaliseerd,Begraven/overleden te,DTB begraven,Getrouwd met,Getrouwd met genormaliseerd,Ondertrouw,DTB ondertrouw,Adres,Denominatie,Beroep,DvH,Vd Aa,NNBW,Moes nr.,Kwijtscheldingen,kohier 1585,kohier 1631,kohier 1674,Kohier 1742,Archief Hart,Associatie,Opmerkingen
1,,Thomas,,Prins,M,"1599 - G. 25 - P. Pietersz LBG, a",G. 25,knecht,,,,,,,,,,,,,,,,,,,,,,,,,,,,,,
2,,Jacob,Jansz,Benningh,M,"1599 - G. 25 - P. Pietersz LBG, nr. 1",G. 25,"waardijn 1594 (mogelijk ook al eerder), ’97, ’98, tarrameester 1596, ’99, 1601",1578-1604 R.; …; Bwh 1590-1592,,"024 - dl. 1, p. 69 ",1530 ca.,1528-01-01/1532-12-31,,,,,,,,,,,"Nieuwendijk, hoek DvHasseltsteeg, in 't Vliegende Varcken",,lakenkoper,,,,,,060 (p. 110),,,,,,
3,,Gijsbert ,Michielsz,Hoppesack,M,"1599 - G. 25 - P. Pietersz LBG, nr. 2",G. 25,"waardijn 1595 (mogelijk ook voor 1594), ’96, ’98, ’99, ",OMVGh 1634-1639,,,1545-50 ca.,1543-01-01/1552-12-31,,,,,,,,,1578-XI-22,,,,,,,,,,,,,,,,
4,,Hendrick,Andriesz,Boelis / Boelen,M,"1599 - G. 25 - P. Pietersz LBG, nr. 3",G. 25,"waardijn 1596, ’98, ’99, 1601, tarrameester 1597, 1600","1578 Sch., OZHh 1579-1583, kap. 1584, kap. W. IV 1585 [OZ II/III]",,"dl. 1, p. 113",1542,1542-01-01/1542-12-31,,,1603,1603-01-01/1603-12-31,,,Neeltge Egbertsdr,Neeltge Egbertsdr (?),,,"Warmoesstraat, in 'de Cruytsack' achter het Gulden Hooft [nr. 67]",,lakenkoper en zeepzieder,,,,,,25 (p. 43),,,,,,"wsch. ook op S. 43 - P. Pietersz Hd 1584 (Colijns f. 39, nr. 01)"
5,,Lambert,,Pietersz,M,"1599 - G. 25 - P. Pietersz LBG, nr. 4 ",G. 25,"waardijn 1597, ’98, 1600, 1601, tarrameester 1595, ’96, ’99, ",Bg 1603-1622,,,,,,,,,,,,,,,,,,,,,,,,,,,,,"ook op R. 4 - vdVoort Gh 1617, nr. 2"
6,,Hendrick,,Servaesz,M,"1599 - G. 25 - P. Pietersz LBG, nr. 5 ",G. 25,"waardijn 1598, 1600, ’01, tarrameester 1599",Bwh 1604-1631,,"dl. 1, p. 95",1559,1559-01-01/1559-12-31,,,1642,1642-01-01/1642-12-31,,,"Aeltgen Jansdr Huydecoper, Maritgen Laurensdr Ringh",Aeltgen Jansdr Huydecoper (?); Maritgen Laurensdr Ringh (?),,,"Nieuwendjk, in 'de Ooievaer' [nr. 198], N.Z. Voorburgwal",,lakenkoper,,,,,,6 (p. 127),180 (f. 46r),,,,,"ook op S. 44 - P. Pietersz Hd Hd 1586 (Colijns RPK, nr. 15)"
7,Dr.,Sebastiaen,,Egbertsz,M,"1601-03 - G. 1 - A. Pietersz CG, nr. 01",G. 1,prelector chir.gilde 1595-1621,"Hoogleraar benoemd 4 november 1595 (5025 Vroedschap 8, resoluties, reso nr. 184)","Sch+H64epen 1593, Raad 1602-1618, Burgemeester 1606, 08, Gecomm. raad 1609-11",,1563,1563-01-01/1563-12-31,Amsterdam,,1621-04-16,1621-04-16,Amsterdam,"DTB 1044, 66 Oude Kerk",Agnete Bennings/ Margrieta Dronckelaer,Agnete Bennings (1596); Margrieta Dronckelaer (1606),1596-07-05/ 1606/07/26,"DTB 408, 43 KERK/ DTB 412, 30 KERK",Elfdusentmaegdenclooster (1596)/ Oudezijds Kerkhof (1606)/ Kalverstraat (1621),Hervormd,doct. med.,,,,,,,,,,,,
8,,Cornelis,Symonsz,Roos,M,"1601-03 - G. 1 - A. Pietersz CG, nr. 02",G. 1,"1596, 1600",,"voor of in 1597, nr. 01",,1540 ca.?,1538-01-01/1542-12-31,,,1602,1602-01-01/1602-12-31,,,,,,,,,,,,,,,,,,,,,
9,,Claes ,Claesz,Kist de Oude,M,"1601-03 - G. 1 - A. Pietersz CG, nr. 03",G. 1,"1597-98, 99, 1604, 07, 12",,"voor of in 1597, nr. 13",,?,,,,1619?,1619-01-01/1619-12-31 ,,,,,,,,,,,,,,,,,,,,,
10,,Jan,Sybrantsz (de),Bont,M,"1601-03 - G. 1 - A. Pietersz CG, nr. 04",G. 1,"1596-97, 1600, 11",,"voor of in 1597, nr. 09",,1562 ca.,1560-01-01/1564-12-31,,,na 1619,1619-01-01/?,,,,,,,,,,,,,,,,,,,,,
11,,Hans,Pietersz,Vis,M,"1601-03 - G. 1 - A. Pietersz CG, nr. 05",G. 1,"1598, 1606",,"voor of in 1597, nr. 15",,1569 ca.,1567-01-01/1571-12-31,,,1615/21,1615-01-01/1621-12-31 ,,,,,,,,,,,,,,,,,,,,,
12,,Jan,,Lourentsz,M,"1601-03 - G. 1 - A. Pietersz CG, nr. 06",G. 1,"1599, 1608, 1613",,"voor of in 1597, nr. 16",,1570 ca.,1568-01-01/1572-12-31,Alkmaar,,1622,1622-01-01/1622-12-31,,,,,,,,,,,,,,,,,,,,,
13,,Dirck,Adriaensz,Koorenkint,M,"1601-03 - G. 1 - A. Pietersz CG, nr. 07",G. 1,"1598, 1602",,"voor of in 1597, nr. 14",,1564 ca.,1562-01-01/1566-12-31,Egmond,,1608 ca.,1608-01-01/1608-12-31,,,,,,,,,,,,,,,,,,,,,
14,,Jeroen,Jorisz,Waphelier / Wafelier,M,"1601-03 - G. 1 - A. Pietersz CG, nr. 08",G. 1,"1602, 10, 14, 19, 25, 28",,"voor of in 1597, nr. 19",,1570 ca.,1568-01-01/1572-12-31,,,1640?,1640-01-01/1640-12-31,,,,,,,,,,,,,,,,,,,,,
15,,Pieter ,,Wiggertsz,M,"1601-03 - G. 1 - A. Pietersz CG, nr. 09",G. 1,"1598-99, 1603",,"voor of in 1597, nr. 07",,1552 ca.,1550-01-01/1554-12-31,Leeuwarden,,1602-03-08,1602-03-08,Amsterdam,"DTB 1052, 190vo Nieuwe Kerk",Nel Jans,Nel Jans (1578),1578-12-06,"DTB 401, 26 KERK",Haarlemmersluis (1602),Hervormd,Barbier (1578),,,,,,,,,,,,
16,,Dirck,,Waernaerts / Warners,M,"1601-03 - G. 1 - A. Pietersz CG, nr. 10",G. 1,"1603, 09, 21",,"voor of in 1597, nr. 18",,1569/70,1569-01-01/1570-12-31 ,Oldemarkt,,na 1623,1623-01-01/?,,,Gouwetje Pietersdr,Gouwetje Pietersdr (1594),1594-05-21,"DTB 407, 30 KERK",Oudebrugsteeg (1594),Hervormd,,,,,,,,,,,,,
17,,Bartholomeus,,Willemsz,M,"1601-03 - G. 1 - A. Pietersz CG, nr. 11",G. 1,,,"voor of in 1597, nr. 05",,?,,,,1602?,1602-01-01/1602-12-31,,,,,,,,,,,,,,,,,,,,,
18,,Jacob,,Joachimsz,M,"1601-03 - G. 1 - A. Pietersz CG, nr. 12",G. 1,,,"voor of in 1597, nr. 04",,?,,,,1610,1610-01-01/1610-12-31,,,,,,,,,,,,,,,,,,,,,
19,,Albert,Adriaensz,Koorenkint,M,"1601-03 - G. 1 - A. Pietersz CG, nr. 13.",G. 1,1597-98,,"voor of in 1597, nr. 10",,1557 ca.,1555-01-01/1559-12-31,,,na 1607,1607-01-01/?,,,,,,,,,,,,,,,,,,,,,
20,,Pieter,Gellisz ,Splinter,M,"1601-03 - G. 1 - A. Pietersz CG, nr. 14",G. 1,,,"voor of in 1597, nr. 20",,1541 ca.,1539-01-01/1543-12-31,,,voor of in 1602,?/1602-12-31,,,,,,,,,,,,,,,,,,,,,
21,,Jan,,Wiggertsz,M,"1601-03 - G. 1 - A. Pietersz CG, nr. 15",G. 1,,,"1600-08-18?, nr. 2",,?,,Leeuwarden,,na 1603,1604-01-01/?,,,,,,,,,,,,,,,,,,,,,
22,,Cornelis ,de,Vries,M,"1601-03 - G. 1 - A. Pietersz CG, nr. 16",G. 1,,,"voor of in 1597, nr. 06 (Pietersz) of 08 (Gerritsz) ",,,,,,,,,,,,,,,,,,,,,,,,,,,,
23,,Jan,,"Laurentsz, 'Mooij Jantje'",M,"1601-03 - G. 1 - A. Pietersz CG, nr. 17",G. 1,,,,,,,,,,,,,,,,,,,,,,,,,,,,,,,
24,,Dirck,Jansz,Tienen,M,"1601-03 - G. 1 - A. Pietersz CG, nr. 18",G. 1,,,"voor of in 1597, nr. 02",,?,,,,?,,,,,,,,,,,,,,,,,,,,,,
25,,Hans,de,Langhe,M,"1601-03 - G. 1 - A. Pietersz CG, nr. 19",G. 1,,,1600-05-26,,?,,,,1602?,1602-01-01/1602-12-31,,,,,,,,,,,,,,,,,,,,,
26,,Hendrick ,Sybrantsz (de),Bont,M,"1601-03 - G. 1 - A. Pietersz CG, nr. 20",G. 1,,,"1597, nr. 22 [HSz]",,1573/74,1573-01-01/1574-12-31 ,,,1609/14,1609-01-01/1614-12-31,,,Geertgen Willemsdr,Geertgen Willemsdr (1597),"1597-01-11 (23 jr., chir. geselle)","DTB 408, p. 118 Kerk",Pijlsteeg (1597),,chirurgijn,,,,,,,,,,,,
27,,Anthony,,Foreest,M,"1601-03 - G. 1 - A. Pietersz CG, nr. 21",G. 1,,,"1600-08-18?, nr. 03",,1568 ca.,1566-01-01/1570-12-31,Ardres (Fr.),,1631?,1631-01-01/1631-12-31 ,,,Jaepgen Jansdr,Jaepgen Jansdr (1595),1595-07-15,"DTB 664, 166 PUI",Zeedijk (1595),,,,,,,,,,,,,,
28,,Claes ,Claesz,Kist de Jonge,M,"1601-03 - G. 1 - A. Pietersz CG, nr. 22",G. 1,"1610, 15, 19-21†?",,"1603, nr. 2",,1581/82,1581-01-01/1582-12-31 ,,,1621-03-16,1621-03-16,Amsterdam,"DTB 1146, p. 119 (Karthuizer)",Dirckje Cornelis Roos,Dirckje Cornelis Roos (1603),1603-03-29,"DTB 410, p. 382 KERK",Oudezijds Arm[steeg],Hervormd,Chirurgijn,,,,,,,,,,,,
29,,Jacob ,Cornelisz,Roos de Jonge,M,"1601-03 - G. 1 - A. Pietersz CG, nr. 23",G. 1,1605,,1600-07-20,,1576/77,1576-01-01/1577-12-31 ,Amsterdam,,1625-01-09,1625-01-09,Amsterdam,"DTB 1044, 113vo Oude Kerk",Pietertje Willems,Pietertje Willems (1600),1600-11-23,"DTB 409, 280 KERK",Oudezijds Voorburgwal (1600)/ Sint annenstraat (1625),Hervormd,,,,,,,,,,,,,
30,,Barent ,,Beenes / Bennis,M,"1601-03 - G. 1 - A. Pietersz CG, nr. 24",G. 1,,,1600-08-18,,1574/75,1574-01-01/1575-12-31 ,,,1607-12-05,1607-12-05,Amsterdam,"DTB 1053, p. 78 Nieuwe Kerk",Grietje Cornelisdr,Grietje Cornelisdr (1599),1599-10-16,"DTB 409, 73 KERK",Kalverstraat (1599),Hervormd,Chirurgijn,,,,,,,,,,,,
31,,Barent ,Jansz,Pott,M,"1601-03 - G. 1 - A. Pietersz CG, nr. 25",G. 1,"1605, 09",,1601-12-08,,1574,1574-01-01/1574-12-31,Munster,,na 1603,1604-01-01/?,,,,,,,,,Scheepschirurgijn,,,,,,,,,,,,
32,,Albert,Jansz,Scherm / Scharem,M,"1601-03 - G. 1 - A. Pietersz CG, nr. 26",G. 1,"1596, 1601-06, 08, 16, 20, 24-25",,"voor of in 1597, nr. 11",,1565 ca.,1563-01-01/1567-12-31,,,1633,1633-01-01/1633-12-31,,,,,,,,,,,,,,,,008.000 (f. 175v) - 40,,,,,
33,,Coenraat,Andriesz,Stangerus,M,"1601-03 - G. 1 - A. Pietersz CG, nr. 27",G. 1,"1597-99, 1601, 06, 11, 15, 19, 22",,"voor of in 1597, nr. 17",,1568 ca.,1566-01-01/1570-12-31,Huizum of Niehove,,1639,1639-01-01/1639-12-31,,,,,,,,,,,,,,,,,,,,,
34,,Cornelis ,,Bartelsz / Bartholo,M,"1601-03 - G. 1 - A. Pietersz CG, nr. 28",G. 1,,,"1603, nr. 1",,1580/81,1580-01-01/1581-12-31 ,,,1634-04-13?,1634-04-13,Amsterdam?,"DTB 1054, p. 81vo Nieuwe Kerk",,,1604-04-09,,,,,,,,,,,,,,,,
35,,Albert,Gerritsz,Hop,M,"1601-03 - G. 1 - A. Pietersz CG, nr. 29",G. 1,"1607, 12, 22, 29",,"1603, nr. 3",,1579/80,1579-01-01/1580-12-31 ,,,,,,,,,1604-05-22,,,,,,,,,,,,,,,,
36,Dr.,Sebastiaen,,Egbertsz,M,"1619 - G. 2 - NN CG, nr. 1",G. 2,prelector chir.gilde 1595-1621,Oprichter tuchthuis (1589),"Schepen 1593, Raad 1602-1618, Burgemeester 1606, 08, Gecomm. raad 1609-11",,1563,1563-01-01/1563-12-31,Amsterdam,,1621-04-16,1621-04-16,Amsterdam,"DTB 1044, 66 Oude Kerk",Agnete Bennings/ Margrieta Dronckelaer,Agnete Bennings (1596); Margrieta Dronckelaer (1606),1596-07-05/ 1606/07/26,"DTB 408, 43 KERK/ DTB 412, 30 KERK",Elfdusentmaegdenclooster (1596)/ Oudezijds Kerkhof (1606)/ Kalverstraat (1621),Hervormd,,,,,,,,_,,,,,
37,,Anthonie,Jansz,Uytdenhooven,M,"1619 - G. 2 - NN CG, nr. 2",G. 2,"1613, 17, 23, 27, 36n.",,"1604, nr. 2",,,,,,,,,,,,,,,,,,,,,,,_,,,,,
38,,Hendrick ,Claesz,Koolvelt / Colevelt,M,"1619 - G. 2 - NN CG, nr. 3",G. 2,"1614, 17, 24-27, 32, 36n., 37-38, 42n.",,"1604, nr. 6",,1576/77,1576-01-01/1577-12-31 ,Leiden,,1645-05-12,1645-05-12,Amsterdam,"DTB 1046, p.41vo Oude Kerk",Geertgen Jansdr.,Geertgen Jansdr. (1603),1603-05-03,"DTB 410, p.436 KERK","Zoutsteeg (1603), Achter de Oude Kerk (1645)",Hervormd,Chirurgijn v.a. 1604,,,,,,,_,,,,,
39,,Lambert / Lambrecht,,Jacobsz,M,"1619 - G. 2 - NN CG, nr. 4",G. 2,"1616, 26, 31-32†",,"1604, nr. 3",,1582/83,1582-01-01/1583-12-31 ,,,1632,1632-01-01/1632-12-31,,,Grietjen Jansdr.,Grietjen Jansdr. (1604),1604-07-08,"DTB 411, p.259 KERK",Oudezijds Voorburgwal (1604),Hervormd,Chirurgijn v.a. 1604,,,,,,,006.000 (f. 221r) - 30,,,,,
40,,Gerrit,,Indies,M,"1619 - G. 2 - NN CG, nr. 5",G. 2,1618,,"1603, nr. 4",,1576/77,1576-01-01/1577-12-31 ,Loppersum,,,,,,Aeltje Jansdr,Aeltje Jansdr (1603),1603-05-31,"DTB 410, p.459 KERK",Sint Jansstraat (1603),Hervormd,Chirurgijn vanaf 1603,,,,,,,_,,,,,
41,,Jan,Arentsz de,Wees,M,"1619 - G. 2 - NN CG, nr. 6",G. 2,"1618, 24†?",,"1604, nr. 7? [Jan Adriaensz]",,,,,,,,,,,,,,,,,,,,,,,_,,,,,
42,Dr.,Johan,,Fonteijn,M,"1625 - G. 3 - Pickenoy CG, JM nr. 01",G. 3,prelector chir.gilde 1621-28,,,,,,,,1628-08-23,1628-08-23,,,,,,,,,,,,,,,,_,,,,,
43,,Cornelis,Hendricksz,Kerchem,M,"1625 - G. 3 - Pickenoy CG, JM nr. 02",G. 3,"1625-26, 27, 33, 37, 41, 46, 50",,1617-03-24,,1580/85,1580-01-01/1585-12-31 ,,,1654-04-30,1654-04-30,,,"Jannetje Wijnantsdr van Boenynghen/Beuningen, Nijmegen 1584/85, b. Amsterdam OK 18-XI-1659",Jannetje Wijnantsdr van Boenynghen (1621),1621-02-05 (z. leeftijd),,,,,,,,,,,_,,,,,
44,,Anthony,Jansz,Testament,M,"1625 - G. 3 - Pickenoy CG, JM nr. 03",G. 3,"1621, 30, 34†",,1609,,,,,,1634,1634-01-01/1634-12-31,,,,,,,,,,,,,,,,_,,,,,
45,,Barend,Cornelisz van,Trist,M,"1625 - G. 3 - Pickenoy CG, JM nr. 04",G. 3,"1629, 33",,1617-01-02,,,,,,,,,,,,,,,,,,,,,,,_,,,,,
46,,Jan,Albertsz,Scherm,M,"1625 - G. 3 - Pickenoy CG, JM nr. 05",G. 3,1626,,1616-06-21,,1592 ca.,1590-01-01/1594-12-31,,,,,,,,,,,,,,,,,,,,_,,,,,
47,,Jan,,Hartman,M,"1625 - G. 3 - Pickenoy CG, JM nr. 06",G. 3,1625-26,,1610,,,,,,,,,,,,,,,,,,,,,,,_,,,,,
48,,Steven,Jacobsz,Vennekool,M,"1625 - G. 3 - Pickenoy CG, JM nr. 07",G. 3,"1628, 32, 36-37†?",,1614-04-02,,1590/91,1590-01-01/1591-12-31 ,Delft,,1637?,1637-01-01/1637-12-31,,,,,1614-03-17 (23 jr.),"DTB 667, p. 115",Zoutsteeg (1614),,chirurgijn,,,,,,,5 (f. 255r)?,,,,,
49,,David,Gerritsz van,Meurtel,M,"1625 - G. 3 - Pickenoy CG, JM nr. 08",G. 3,1632-33,,1604-11-22 [DGz],,,,,,,,,,,,1635 (z. leeftijd),,,,,,,,,,,_,,,,,
50,,Arent,,Allertsz,M,"1625 - G. 3 - Pickenoy CG, JM nr. 09",G. 3,,,1605-08-15,,1580 ca.,1578-01-01/1582-12-31,,,"1626, voor okt.",1626-01-01/1626-09-30,,,,,1605 (25 jr.),,,,,,,,,,,_,,,,,
51,,Jacob,Harmensz van,Leeuwen,M,"1625 - G. 3 - Pickenoy CG, JM nr. 10",G. 3,,,1613-03-08,,1590/91,1590-01-01/1591-12-31 ,Utrecht,,,,,,,,1617 (26 jr.),,,,,,,,,,,150 (p. 146v),,,,,
52,,Gerrit,,Hartman,M,"1625 - G. 3 - Pickenoy CG, JM nr. 11",G. 3,,,1608,,,,Goch,,,,,,"Trijn Gerrits (1), Brecht Jans (2)",Trijn Gerrits (?); Brecht Jans (1616),"1616 (2, z. leeftijd)","DTB 420, p. 234",Goudsbloemstraat (1616),,,,,,,,,100 (p. 287r)?,,,,,
53,,Dirck,Jansz,Pool,M,"1625 - G. 37 - Pickenoy WKC, a",G. 37,knecht,,,,,,,,,,,,,,,,,,,,,,,,,,,,,,
54,,Willem,,Hendricksz,M,"1625 - G. 37 - Pickenoy WKC, nr. 1",G. 37,"1621, ’22, ’25",,,,1563/64,1563-01-01/1564-12-31 ,,,voor 1631?,?/1630-12-31,,,,,,,Wester Achterburgwal (1631)?,,wijnkoper,,,,,,,1000 (f. 291v) - 5,,,,,ook geportretteerd 1618 Van der Voort SA 7436
55,,Outgert,Pietersz,Spiegel,M,"1625 - G. 37 - Pickenoy WKC, nr. 2",G. 37,1621-’22,"1604 - vaand. 1604, OZHh 1621-1651 1622 Th.O. [Elias: 1620 C].",,"dl. 1, p. 190",1573,1573-01-01/1573-12-31,,,1650,1650-01-01/1650-12-31,,,Geertge Adriaensdr Roos,Geertge Adriaensdr Roos (?),,,Fluwelenburgwal,,wijnkoper,,,,,,_,030.000 (f. 5v) - 150,,,,,"ook geportretteerd in 1604 A. Pietersz Hd SA 3018 (Colijns f. 29, nr. 03)"
56,,Reynier,van,Buyren / Bueren,M,"1625 - G. 37 - Pickenoy WKC, nr. 3",G. 37,"1621, ’24-’25, ’31",,,,1566/70,1566-01-01/1570-12-31 ,,,1632-08-26,1632-08-26,Amsterdam,,,,,,Warmoesstraat Wzijde,,wijnkoper,,,,,,,"150.000 (f. 140r., met schoonvader) - 750",,,,,"Zie Van Dillen, dl. 3: p. 1, nr. 3; p. 3-4, nrs. 5-6 en p. 39, nr. 80 (nalatenschap)"
57,,Cornelis,,Wilhelmus / Willemsz,M,"1625 - G. 37 - Pickenoy WKC, nr. 4",G. 37,"1621, tot feb. ’22",,,,1576/77,1576-01-01/1577-12-31 ,,,,,,,Trijntje van Heemskerck,Trijntje van Heemskerck (1609),1609-08-01 (32 jr.),"DTB 762A, p. 276",,,wijnkoper,,,,,,,,,,,,
58,,Isaak,van,Gherwen,M,"1625 - G. 37 - Pickenoy WKC, nr. 5",G. 37,"1621, ’25, ’30-’31, ’34-’35, ’38, ’41-’42, …",,,,1579/80,1579-01-01/1580-12-31 ,,,,,,,,,,,Warmoesstraat Wzijde,,wijnkoper,,,,,,,050.000 (f. 139v.) - 250,,,,,
59,,Dirck,van,Dans,M,"1625 - G. 37 - Pickenoy WKC, nr. 6",G. 37,"1621-’22, ’25-’26, ’31-’32, ’37-’38",,,,1584,1584-01-01/1584-12-31,Arnhem,,1678,1678-01-01/1678-12-31,Amsterdam,,,,,,Breestraat Ozijde (1631),,wijnkoper,,,,,,,010.000 (f. 228v.) - 50,,,,,
60,,Jan,Pietersz van den,Eeckhout,M,1627 - G. 32 - De Keyser GZG nr. 1,G. 32,"1613 (1), 1613k",,,_,1584-08-12,1584-08-12,Harlingen,,1652-11-08,1652-11-08,Amsterdam,"DTB 1062, p.103vo en p.104",Griete Claesdr (Leijdeckers)/ Cornelia Dedels,Griete Claesdr Leijdeckers (1606); Cornelia Dedels (1633),1606-01-28/ 1633-02-04,"DTB 411, p.667/ DTB 440, p.142 ","Kalverstraat (1606, 31, 33, 52)",,"Goudsmit (1606, 1633)",Dit is de vader van Gerbrand van den E. ,,,,,,004.000 (f. 269v) - 20,,,,,"vgl. het portret in Grenoble door zijn zoon Gerbrand; tevens Van den Brink in Kroniek Rembrandthuis 2016, p. 14-15"
61,,Jan,van,Melis,M,1627 - G. 32 - De Keyser GZG nr. 2,G. 32,"1615 (1), 15k",,,_,1582/83,1582-01-01/1583-12-31 ,Wezel,,1627-03-31,1627-03-31,Amsterdam,"DTB 1146, p. 332 (Karthuizer)",Riske Jans,Riske Jans (1609),1609-05-15,"DTB 414, p.60","Glashuijs (1609) Halsteeg, noordzijde, Haarlemmerstraat (1627)",,glasblazer (1609),"Zijn zoon is (ondertrouw, 1642) goudsmid",,,,,,005.000 (f. 213v) - 25 (wed.),,,,,
62,,Jacob,Evertsz,Wolf,M,1627 - G. 32 - De Keyser GZG nr. 3,G. 32,"1617 (6), 17d, 18k, 20d, 21k, 25d, 26k",,1611 vermeld z.s.,994,1581/82,1581-01-01/1582-12-31 ,Amsterdam,,1627-02-11,1627-02-11,Amsterdam,"DTB 1054, f. 29v",Jacomijntje Moeys,Jacomijntje Moeys (1612),1612-12-11 (30 jr.),"DTB 416, p. 332",,,zilversmid,,,,,,,_,,,,,
63,,Loef,,Vredericx,M,1627 - G. 32 - De Keyser GZG nr. 4,G. 32,"1622 (7), 22k, 26d, 27k, 29d, 30k, 51d, 52k, 65k",,,1138,1590,1590-01-01/1590-12-31,Amsterdam,,1668,1668-01-01/1668-12-31,Utrecht,,,,,,Vismarkt OZ (1631),,zilversmid,,,,,,,014.000 (f. 207r) - 70,,,,,
64,,Andries,,Vredericx,M,1627/38 - G. 33 - De Keyser GZG nr. 1,G. 33,"1599 (13), 99d, 00k, 03d, 04k, 09d, 10k, 13d, 14k, 18d, 19k, 21k, 24d, 25k",,1596 vermeld g.s.,992,1566,1566-01-01/1566-12-31,Amsterdam,,1627-02-28,1627-02-28,Amsterdam,,Maria van Leyenbergen,Maria van Leyenbergen (1598),1598,,"Warmoesstraat (1598), Vismarkt OZ (1631, wed.)",,goudsmid,,,,,,,009.000 (f. 207r) - 45 (wed.),,,,,
65,,Lammert / Lambrecht,Melsen / Melchiorsz van,Kloeskerk,M,1627/38 - G. 33 - De Keyser GZG nr. 2?,G. 33,"1591, 91k, 96d, 1601k, 05k, 17k, 24k, 29k ",,,_,1560/65,1560-01-01/1565-12-31 ,Den Briel,,1630-05-10,1630-05-10,Amsterdam,"DTB 1045, p. 25r.","Neeltgen Jans (1), Anna Jacobs (2)",Neeltgen Jans (1585); Anna Jacobs (1603),"1585-05-04 (z. jr., 1), 1603-11-22 (2)","DTB 662, p. 4 Pui (1), DTB 762A, p. 191 (2)","Sint Annendwarsstraat (1603), Nieuwe Brugsteeg (1630)",,goudsmid (1603),,,,,,,_,,,,,
66,,Seger,,Pietersz [Coninck],M,1627/38 - G. 33 - De Keyser GZG nr. 3?,G. 33,"1609 (20), 09k, 12d, 13k, 16d, 17k, 22d, 23k, 28d, 29k, 31d, 32k, 34d, 35k, 37d, 38k, 42k, 44d, 45k, 48d, 49k",,,,1578/79,1578-01-01/1579-12-31 ,Amsterdam,,1650-07-28,1650-07-28,,"DTB 1046, p. 106r. - fl. 26 (!)",Grietje Cornelis,Grietje Cornelis (1601),1601-08-24 (22 jr.),"DTB 665, p. 174","Sint Jansstraat (1601), Teertuinen (1650)",,goudsmid,,,,,,,5000,,,,,
67,,Alexander,van der,Hoeven,M,1627/38 - G. 33 - De Keyser GZG nr. 4?,G. 33,"1610 (7), 10k, 14k, 19d, 20k, 23d, 24k, 27k",,1604 goudsmid,1133,1575,1575-01-01/1575-12-31,Antwerpen,,1628,1628-01-01/1628-12-31,Amsterdam,,"Susanne Peletier (1), Mayke Pas (2)",Susanne Peletier (1602); Mayke Pas (1603),"1602 (1), 1603 (2)",,"Nes (1602, 03, 28)",,goudsmid,,,,,,,010.000 (f. 235v) - 50 (wed.),,,,,
68,,Antoni,,Savart,M,1627/38 - G. 33 - De Keyser GZG nr. 5?,G. 33,"1612 (6), 12k, 18k, 21d, 22k, 27d, 28k",,,_,1582 voor,?/1581-12-31,Brussel,,1633-03-03,1633-03-03,,,,,,,,,,,,,,,,_,,,,,
69,,Simon,Andriesz,Valckenaer,M,1627/38 - G. 33 - De Keyser GZG nr. 6,G. 33,"1638, 38d, 39k, 41d, 42k, 45d, 46k, 49d, 50k, 54d, 55k, 58d, 59k, 67k, 69d, 70k",,1630 zilversmid,999,1609,1609-01-01/1609-12-31,Amsterdam,,1671,1671-01-01/1671-12-31,Amsterdam,,Geertruy Verriet,Geertruy Verriet (1642),1642,,Vijgendam (1642,,zilversmid,,,,,,,_,,,,,
70,,Symon,Symonsz,Valckenaer,M,1627/38 - G. 33 - De Keyser GZG?,G. 33,"1577 (7), 77k, 94k, 96k, 1601d, 02k, 04d, 05k",,"1576 (goudsmid), 1587 (wisselaar)",_,1550/55 ca.,1548-01-01/1557-12-31,,,1629-01-13,1629-01-13,,,"Belitje Ellertsen van Leijenberch (1), Claertje Arents (2)",Belitje Ellertsen van Leijenberch (1577); Claertje Arents (1583),"1577-11-30 (1), 1583-03-27 (2)",,"Lijnmarkt Utrecht (1577), Warmoesstraat (1585)",,goudsmid,,,,,,,,,,,,"Wolleswinkel 2001, k. 322"
71,Dr.,Nicolaes,Pietersz,Tulp,M,"1632 - G. 4 - Rembrandt CG, nr. 1",G. 4,prelector chir.gilde 1628-53,,,,1593,1593-01-01/1593-12-31,Amsterdam,,1674,1674-01-01/1674-12-31,Den Haag,,,,,,Keizersgracht bij Westerkerk (1631),,,,,,,,,40.000 (p. 5v) - 200,,,,,
72,Mr.,Jacob,Dielofsz,Block,M,"1632 - G. 4 - Rembrandt CG, nr. 2",G. 4,"1635n., 1638, 42n., 43n., 44, 51, 58, 62",,1623-03-21,,1600/01,1600-01-01/1601-12-31 ,,,1664-11-14,1664-11-14,Amsterdam,,Duyfge Egberts,Duyfge Egberts (1623),"1623, 22 jr.",,Hartenstraat (1664),,koopman,,,,,,,"002.000 (f. 10v) - 10 (Mr. Jacob, Benninghstraat)",,,,,
73,,Hartman,,Hartmansz,M,"1632 - G. 4 - Rembrandt CG, nr. 3",G. 4,"1634, 38, 42, 52n., 56n.",,1615-08-09,,1591,1591-01-01/1591-12-31,Leiden,,1659-05-28,1659-05-28,Amsterdam,,Catharina Otters Godon,Catharina Otters Godon (1615),"1615 (1), Aechyen Volckers (2)",,"Nes (1623, 1659)",,,,,,,,,"004.000 (f. 234v) - 20 (Mr. Hartman, barbier)",,,,,
74,,Adriaen,Cornelisz,Slabbraen,M,"1632 - G. 4 - Rembrandt CG, nr. 4",G. 4,"1631, 1635n.",,1625-01-01,,1596/97,1596-01-01/1597-12-31 ,Amsterdam,,1661-03-19,1661-03-19,Amsterdam,,"Neeltie Andries Claesz (1), Catharina Garshoven (2)",Neeltie Andries Claesz (1625); Catharina Garshoven (1627),"1625, 27 jr. (1), 1627 (2)",,"Gelderse kade (1629), Nes (1631, barbier), St. Jorishof (1661)",katholiek,,,,,,,,,,,,,
75,,Jacob,Jansz de,Wit,M,"1632 - G. 4 - Rembrandt CG, nr. 5",G. 4,"1630, 34",,1611 [JJz 'Cruijs'],,1582,1582-01-01/1582-12-31,"Nykoping, Zweden",,1654-05-08,1654-05-08,Amsterdam,,"Sibbeltje Pieters (1), Brechgen Gerits (2)",Sibbeltje Pieters (?); Brechgen Gerits (1610),"1610, 28 jr. (1), 1629 (2)",,"Nieuwendijk, in het Vergulde Cruys",,,,,,,,,_,,,,,
76,Mr.,Matthijs,Evertsz,Calkoen / Coddijn,M,"1632 - G. 4 - Rembrandt CG, nr. 6",G. 4,"1639, 43, 48, 52-53†",,1615-10-02,,1591/92,1591-01-01/1592-12-31 ,Oldemarkt,,1653-06-28,1653-06-28,Amsterdam,,"Sara Ghijsberts (1), Maria van Heusden (2)",Sara Ghijsberts (1615); Maria van Heusden (1638),"1615-10-31, 24 jr. (1), 1638 (2)",,"Haarlemmersluis/Haarlemmerstraat, 'Calkoen'",,,,,,,,,006.000 (f. 52v) - 30,,,,,
77,,Jacob,Jansz,Coolevelt,M,"1632 - G. 4 - Rembrandt CG, nr. 7",G. 4,"1635, 39, 43, 47-49†",,1620-08-20,,ca. 1596,1594-01-01/1598-12-31,,,1649-09-03,1649-09-03,Amsterdam,,Mayke Martens,Mayke Martens (1620),1620,,"Hoogstraat (1631, 1649)",,,,,,,,,003.000 (f. 176v) - 15 (Mr. Jacob Chijrugijn),,,,,
78,,Frans,Jakobsz van,Loenen,M,"1632 - G. 4 - Rembrandt CG, nr. 8",G. 4,_,,1613-02-17 [F Jacobsz]; NB foutief '1620' [v. Eeghen 1969] ,,ca. 1592,1590-01-01/1594-12-31,Loenen,,1662-02-21,1662-02-21,Amsterdam,,Sara Jans (1),Sara Jans (1613),"1613, 21 jr. (1), 1634 (2), 1649 (3)",,"Huidenstraat (1633), Rokin",katholiek,,,,,,,,"001.000 (f, f. 259r) - 5 (Frans Barbier)",,,,,
79,,Jaques / Jacob,le,Mercier / Merchier / Marcier,M,1635 - G. 34 - De Keyser GZG nr. 1,G. 34,"1619 (9), 19k, 23k, 26k, 30d, 31k, 33k, 35k, 38k, 40k",,,_,1584/85,1584-01-01/1585-12-31,Antwerpen,,1656-12-20,1656-12-20,Amsterdam,"DTB 1091, p. 52v ZK",Susanna Sohier,Susanna Sohier (1611),1611-05-27 (26 jr.),"DTB 415, p. 99 kerk","OZ Achterburgwal, oostzijde",,,,,,,,,030.000 (f. 248v.) - 150,,,,,"kinderen gedoopt in 1619, 21, 25 (tweeling), 26, 28, 29, 31, 33"
80,,Gerrit,Jansz de,Putter,M,1635 - G. 34 - De Keyser GZG nr. 2,G. 34,"1631 (3), 31k, 33d, 34k",,,_,1575/76,1575-01-01/1576-12-31 ,Breda,,,,,,,,1604-07-03,"DTB 411, p. 257 kerk",OZ Achterburgwal (1604),,goudsmid,,,,,,,_,,,,,
81,,Gerard,van,Ryssen,M,1635 - G. 34 - De Keyser GZG nr. 3,G. 34,"1632 (4), 32k, 36k, 42d, 43k",,,_,1590/91,1590-01-01/1591-12-31 ,Utrecht,,1659-12-01?,1659-12-01,Amsterdam,"DTB 1068, p. 52",Christina van Merle,Christina van Merle (1621),1621-05-04 (30 jr.),"DTB 426, p. 65",Nieuwe Hoogstraat (1659),,,,,,,,,_,,,,,
82,,Augustijn,,Pas,M,1635 - G. 35 - De Keyser GZG nr. 1,G. 35,"1628 (1), 28k",,,_,1579/80,1579-01-01/1580-12-31 ,check foto,,,,,,Janneke Verplanken,Janneke Verplanken (1603),1603-09-27 (23 jr.),"DTB 411, p. 35",Gravenstraat (1603),,goudsmid,,,,,,,008.000 (f. 213v) - 40,,,,,
83,,Harmanus,,Martens / Mertens,M,1635 - G. 35 - De Keyser GZG nr. 2,G. 35,"1630 (13), 30k, 32d, 33k, 36d, 37k, 39d, 40k, 43d, 44k, 47d, 48k, 50d, 51k",,1612 vermeld z.s.,326,1580,1580-01-01/1580-12-31,Amsterdam,,1651,1651-01-01/1651-12-31,Amsterdam,,Anneke Bartholomeus,Anneke Bartholomeus (1614),1614,,Enge Kerksteeg (1614),,zilversmid,,,,,,,_,,,,,
84,,Thomas,,Boogert,M,1635 - G. 35 - De Keyser GZG nr. 3,G. 35,"1635 (6), 35d, 36k, 40d, 41k, 43k, 48k",,1625 zilversmid,848,1577,1577-01-01/1577-12-31,Utrecht,,1653,1653-01-01/1653-12-31,Amsterdam,,"Anneke van Ewijck (1), Geertruyt Willems (2)",Anneke van Ewijck (?); Geertruyt Willems (?),,,"Utrecht (1625), Bagijnesteeg (1648, 53)",,zilversmid,,,,,,,_,,,,,
85,,Jan,,Stockmans,M,"1643 - G. 31 - Santvoort Saainering, a",G. 31,knecht,,,,,,,,,,,,,,,,,,,,,,,,,,,,,,
86,,Jacques,de,Win,M,"1643 - G. 31 - Santvoort Saainering, nr. 1",G. 31,,,,,1588/89,1588-01-01/1589-12-31 ,Antwerpen,,,,,,Janneken Sandra,Janneken Sandra (1613),"1613-06-03, 24 jr.","DTB 417, p. 147",Liesdel (1613),,,,,,,,,,,,,,
87,,Pieter,,Overdyck ('Noordyck'),M,"1643 - G. 31 - Santvoort Saainering, nr. 2",G. 31,,,,,1614-04-13,1614-04-13,Amsterdam,,,,,,,,,,,,,,,,,,,,,,,,
88,,Gerrit,,Kuyken,M,"1643 - G. 31 - Santvoort Saainering, nr. 3",G. 31,,,,,1599/1600,1599-01-01/1600-12-31,Aken,,,,,,Sara van Schaerdenborch,Sara van Schaerdenborch (1629),"1629-11-22, 29 jr.","DTB 671, p. 185",,,,,,,,,,,,,,,
89,,Gerbrant,Cornelisz,Anslo,M,"1643 - G. 31 - Santvoort Saainering, nr. 4",G. 31,,,,,1612,1612-01-01/1612-12-31,,,1643,1643-01-01/1643-12-31,,,Abigail Schouten uit Weesp,Abigail Schouten (1636),1636-03-20,"DTB 674, p. 98 (pui)",,,,,,,,,,,,,,,
90,,Jacob,Jansz,Goetkoop,M,"1646 - G. 19 - Camerarius HKG, nr. 1",G. 19,"ov. 1625, 26, 31, 32, 36, 37, d. 40, 41, 46, 47",,,,1587/88?,1587-01-01/1588-12-31,,,,,,,Aeltje Jans,Aeltje Jans (1610),"1610-12-21 [Jacob Jansz, schoenmaker, 22 jr.]",,OZ Achterburgwal (1610),,schoenmaker,,,,,,,,,,,,
91,,Jan,Jansz,Bolck,M,"1646 - G. 19 - Camerarius HKG, nr. 2",G. 19,"ov. 1636, 37, 40, 41, 45, 46, 49, 50, 53, 54, 56, 57",,,,1586/87?,1586-01-01/1587-12-31,,,1664 in of voor,?/1664-12-31,,,Aeffien Sijbrants,Aeffien Sijbrants (1612),"1612-11-03 [Jan Jansz, schoenmaker]","DTB 416, p. 3","OZ (1612), Warmoesstraat (1664)",,,,,,,,,,,,,,
92,,Claes,Michielsz,Vis,M,"1646 - G. 19 - Camerarius HKG, nr. 3",G. 19,"ov. 1638, 39, 45, 46, 52†",,,,1592/93,1592-01-01/1593-12-31 ,Amsterdam,,1652,1652-01-01/1652-12-31,,,,,,,,,schoenmaker,,,,,,,,,,,,
93,,Elbert,Huybertsz,Krieck,M,"1646 - G. 19 - Camerarius HKG, nr. 4",G. 19,"ov. 1642, 43, 46, 47, d. 50, 51, 52, 53",,,,1605/06,1605-01-01/1606-12-31 ,Amsterdam,,1654,1654-01-01/1654-12-31,,,,,,,,,,,,,,,,,,,,,
94,,Seger,Fransz,Blauw,M,"1646 - G. 19 - Camerarius HKG, nr. 5",G. 19,"ov. 1646, 47, 50, 51, 53, 54, d. 56, 57, 60, 61",,,,1598/99,1598-01-01/1599-12-31 ,Amsterdam,,,,,,,,,,,,schoenmaker,,,,,,,,,,,,
95,Dr.,Jan,,Deijman,M,"1656 - G. 5 - Rembrandt CG, JM nr. 1",G. 5,prelector chir.gilde 1653-66,"1655 assistent Samuel Coster in Binnengasthuis, 1662 opvolger Coster",,,1619-10-03,1619-10-03,Amsterdam,"DTB 5, p.295 Oude Kerk",1666-12-07,1666-12-07,Amsterdam,"DTB 1055, p. 174 Nieuwe Kerk",Maria Bas,Maria Bas (1658),1658-10-23,"DTB 479, p.181 KERK","Prinsengracht (1658), Singel bij Spiegelstraat (1666)",Hervormd,,,,,,,,150 (p. 13r),,_,,,
96,,Dirck,Jansz,Visch,M,"1656 - G. 5 - Rembrandt CG, JM nr. 2",G. 5,"1649, 56, 57",,1625-10-06,,,,,,,,,,,,,,,,,,,,,,,_,_,_,,,
97,Mr.,Claes ,Jansz,Fruyt,M,"1656 - G. 5 - Rembrandt CG, JM nr. 3",G. 5,"1654, 58n., 59n., 60, 64n., 65, 69n., 71n., 77n., 78n., 79n.",,1633-08-23,,,,,,,,,,,,1646-11-1 (z.jr.),"DTB 464, p. 105",,,,,,,,,,_,"020.000 - f. 100 - W. 17, f. 159",_,,,
98,,Daniel,,Florianus,M,"1656 - G. 5 - Rembrandt CG, JM nr. 4",G. 5,"1654, 58n., 59, 63n., 64, 69, 73",,1636-10-16,,1612/13,1612-01-01/1613-12-31 ,,,1678 in of voor (wed. hertrouwt),?/1678-12-31,,,,,1639-07-26,"DTB 451, p. 240",,,,,,,,,,_,"016.000 - f. 80 - W. 30, f. 290 en 004.000 - f. 20 - W. O, f. 603v ",_,,,
99,,Augustus / Augustijn,,Meijer / Maijer,M,"1656 - G. 5 - Rembrandt CG, JM nr. 5",G. 5,"1655, 59n., 60n., 65, 72n., 73n.",,1633-04-26,,1606/07,1606-01-01/1607-12-31 ,,,1675-07-09,1675-07-09,,,,,1633-02-03,"DTB 440, p. 141",,,,,,,,,,_,"006.000 - f. 30 - W. 1, f. 4v",_,,,
100,,Laurens,Roelofsz de,Lange,M,"1656 - G. 5 - Rembrandt CG, JM nr. 6",G. 5,1655-56†,,1633-04-29,,,,,,1656-07-22,1656-07-22,Amsterdam,"DTB 1047, p. 11v en 12r",,,,,,,,,,,,,,_,_,_,,,
101,Mr.,Barend,Arentsz,Heems,M,"1656 - G. 5 - Rembrandt CG, JM nr. 7",G. 5,"1655n., 56, 60, 64n., 65n., 66n., 67, 71",,1633-10-06,,1603/04,1603-01-01/1604-12-31 ,,,,,,,,,1633-10-13,"DTB 441, p. 262",,,,,,,,,,_,"001.000 - f. 5 - W. 23, f. 213v",_,,,
102,,Gijsbert ,Matthysz,Calkoen / Coddijn,M,"1656 - G. 5 - Rembrandt CG, JM nr. 8",G. 5,"1656, 60n., 61n., 62n.",Collegemeester (jan. 1656),1645-11-15,,1621-09-14,1621-09-14,Amsterdam,"DTB 40, p.140, Nieuwe Kerk",1664-10-23 (19),1664-10-23,Amsterdam,"DTB 1101, p.21 Westerkerk",Geertruijt Hendrix de Bruijn,Geertruijt Hendrix de Bruijn (1654),"1654-02-12, 32 jr.","DTB 472, p.369 KERK",Nieuwe Haarlemmersluis (1654),Hervormd,,,,,,,,_,_,_,,,
103,,Jacob,Jansz,Hernij / Harnij,M,"1656 - G. 5 - Rembrandt CG, JM nr. 9",G. 5,"1655n., 56n., 57n., 67n.",,1630-11-28,,1599/1600,1599-01-01/1600-12-31,,,1671,1671-01-01/1671-12-31,,,,,1630-12-12,"DTB 436, p. 248",,,,,,,,,,_,_,_,,,
104,,Philips,van der ,Noodt,M,"1657 - G. 46 - Eeckhout KWG, nr. 1",G. 46,,,,,1596/97,1596-01-01/1597-12-31 ,,,1670,1670-01-01/1670-12-31,,,Aechje Cornelis,Aechje Cornelis (1621),1621-08-12 (24 jr.),"DTB 426, p. 164",OZ Voorburgwal (1621),,wijnverlater (1621),,,,,,,,"f. 77.10.- - W. 10, f. 95 (wed.)",,,,
105,,Jan,van den,Eeckhout,M,"1657 - G. 46 - Eeckhout KWG, nr. 2",G. 46,,,,,1619,1619-01-01/1619-12-31,,,1669,1669-01-01/1669-12-31,,,,,,,,,,,,,,,,,"006.000 - f. 30.- - W. 58, f. 546 (wed.)",,,,
106,,Thomas,,Hendricksz,M,"1657 - G. 46 - Eeckhout KWG, nr. 3",G. 46,,,,,,,,,in of voor 1674,?/1674-12-31,,,,,,,,,kuiper (1674),,,,,,,,"007.000 - f. 35.- - W. 43, f. 401 (wed.)",,,,
107,,Jan,,Hendricksz,M,"1657 - G. 46 - Eeckhout KWG, nr. 4",G. 46,,,,,,,,,in of na 1674,1674-01-01/?,,,,,,,St. Nicolaesstraat (1674),,kuiper (1674),,,,,,,,"001.000 - f. 5.- - W. 22, f. 203",,,,
108,,Hendrick,Woutersz van der,Spelt,M,"1659 - G. 23 - vdElst MG, nr. 1",G. 23,,,,,,,Amsterdam,,,,,,Aechjen Priem (21 jr.),Aechjen Priem (1653),1653-04-29 (z. jr.),"DTB 471, p. 154",NZ Voorburgwal (1653),,steenkoper (1653),,,,,,,,_,,,,
109,,Jan,Jansz,Nes,M,"1659 - G. 23 - vdElst MG, nr. 2",G. 23,,,,,,,,,1674 in of voor,?/1674-12-31,,,,,,,,,,,,,,,,,"011.600 - f. 58-15 - W. 5, f. 43 (wed.)",,,,
110,,Claes ,Barentsz,Bouman,M,"1659 - G. 23 - vdElst MG, nr. 3",G. 23,,,,,,,,,,,,,1: Eijtje Elias Vliet; 2: Trijntje Frederickx (34 jr.),Eijtje Elias Vliet (?); Trijntje Frederickx (1655),1655-07-03 (2),"DTB 474, p. 453",Waelgracht (1655),,metselaar (1655),,,,,,,,"001.000 - f. 5 - W. 53, f. 505",,,,
111,,Jacob,van,Hoeckgeest,M,"1659 - G. 23 - vdElst MG, nr. 4",G. 23,,,,,,,Delft,,,,,,1: Heijltje Thomas; 2: Elisabeth van Daaken,Heijltje Thomas (?); Elisabeth van Daaken (1655),1665-10-16 (2),"DTB 487, p. 446",Brouwersgracht (1665),,steenhouwer (1674),,,,,,,,"010.400 - f. 52-10 - W. 51, f. 473",,,,
112,,Dirck,Harmensz,Muller,M,"1659 - G. 23 - vdElst MG, nr. 5",G. 23,,,,,,,,,1674 in of voor,?/1674-12-31,,,,,,,,,,,,,,,,,"062.400 - f. 312-10 - W. 25, f. 239v (wed.)",,,,
113,,Christoffel,,Croesen,M,"1659 - G. 39 - Bol WKG, nr. 1?",G. 39,,,,,1590/91,1590-01-01/1591-12-31 ,Utrecht,,,,,,,,1615-01-07 (24 jr.),"DTB 418, p. 292",Utrecht (1615),,,,,,,,,,,,,,
114,,Hendrick,,Kreijvanger,M,"1659 - G. 39 - Bol WKG, nr. 2?",G. 39,,,,,1607/08,1607-01-01/1608-12-31 ,,,,,,,,,1636-04-18 (28 jr.),"DTB 444, p. 244",,,,,,,,,,,,,,,
115,,Willem,Simonsz,Moons,M,"1659 - G. 39 - Bol WKG, nr. 3?",G. 39,,,,,1603/04,1603-01-01/1604-12-31 ,Amsterdam,,,,,,,,1633-09-20 (29 jr.),"DTB 441, p. 229",,,,,,,,,,,,,,,
116,,Tijmon,Cornelisz ,Pondt,M,"1659 - G. 39 - Bol WKG, nr. 4?",G. 39,,,,,,,Amsterdam,,,,,,,,"1623-08-15 (1), 1642-01-26 (2)","DTB 428, p. 154 (1), DTB 457, p. 185 (2)",,,,,,,,,,,,,,,
117,,Marijnus,Harmansz ,Faber,M,"1659 - G. 39 - Bol WKG, nr. 5?",G. 39,,,,,,,,,,,,,,,,,,,,,,,,,,,,,,,
118,,Dirck,,Willinck,M,1660-74 - G. 20 - Graat LTG?,G. 20,,,,,1604/05,1604-01-01/1605-12-31 ,Groenlo,,1674,1674-01-01/1674-12-31,Amsterdam,,,,,,,,,,,,,,,,,,,,Identificatie onzeker (zie Van der Hut 2013)
119,,Jan,,Willinck,M,1660-74 - G. 20 - Graat LTG?,G. 20,,,,,1634,1634-01-01/1634-12-31,,,1711,1711-01-01/1711-12-31,,,,,,,,,,,,,,,,,,,,,Identificatie onzeker (zie Van der Hut 2013)
120,,Hendrick,,Willinck,M,1660-74 - G. 20 - Graat LTG?,G. 20,,,,,1645,1645-01-01/1645-12-31,,,1674,1674-01-01/1674-12-31,,,,,,,,,,,,,,,,,,,,,Identificatie onzeker (zie Van der Hut 2013)
121,,Frans,Hendricksz,Bel,M,"1661-62 - G. 27 - Rembrandt LBG, a",G. 27,knecht,,,,1629 ca.,1627-01-01/1631-12-31,,,1701,1701-01-01/1701-12-31,,,,,,,,,,,,,,,,,_,,,,
122,,Willem,van,Doeyenburg,M,"1661-62 - G. 27 - Rembrandt LBG, nr. 1",G. 27,"waardijn 1649-’50, ’53-’54, ’57-’58, ’60-’61; tarrameester 1651, ’52, ’55, ’56, ’59, ’62, ’65",,,,1616 ca.,1614-01-01/1618-12-31,,,1687,1687-01-01/1687-12-31,,,,,,,,,,,,,,,,,"012.000 - f. 60, W. 33, f. 328v",,,,
123,,Volckert,,Jansz,M,"1661-62 - G. 27 - Rembrandt LBG, nr. 2",G. 27,"waardijn 1660-’61, ’63-’64,",,,,1605/10,1605-01-01/1610-12-31 ,,,1681,1681-01-01/1681-12-31,,,,,,,,,,,,,,,,,_,,,,
124,,Jacob,van,Loon,M,"1661-62 - G. 27 - Rembrandt LBG, nr. 3",G. 27,"waardijn 1655-’56, ’61-’62, ’64, tarrameester 1647, ’53-’54, ’57-’58",,,,1595 ca.,1593-01-01/1597-12-31,,,1674,1674-01-01/1674-12-31,,,,,,,,,,,,,,,,,"043.000 - f. 215, W. 4, f.34",,,,
125,,Aernout,van der,Mye / Mey,M,"1661-62 - G. 27 - Rembrandt LBG, nr. 4",G. 27,"waardijn 1661-’62, ’64-’65",,,,1625 ca.,1623-01-01/1627-12-31,,,1681,1681-01-01/1681-12-31,,,,,,,,,,,,,,,,,"022.000 - f. 110, W. 22, f. 201",,,,
126,,Jochem,de,Neve,M,"1661-62 - G. 27 - Rembrandt LBG, nr. 5",G. 27,"waardijn 1652, ’54-’55, ’58-’59, ’61-’65, tarrameester 1653, ’57, ’60-’62, ’63-’64",,,,1629-04-15,1629-04-15,Amsterdam,"DTB 41, 19",1681-01-20,1681-01-20,Amsterdam,"DTB 1047, 257",,,,,,,,,,,,,,,_,,,,
127,Dr.,Frederik ,,Ruysch,M,"1670 - G. 6 - Backer CG, nr. 1",G. 6,prelector chir.gilde 1666-1731,professor botaniae (onderwijs),,,1638,1638-01-01/1638-12-31,Den Haag,,1731,1731-01-01/1731-12-31,Amsterdam,,,,,,,,,,,Deel 3. 1108,,,,,"003.000 - f. 15 - W. 23, f. 212",_,,,
128,,Leendert ,Jansz,Fruyt,M,"1670 - G. 6 - Backer CG, nr. 2",G. 6,"1668, 87n., 94n., 98n., 1701n., 02n.",,1655-08-30,,1620,1620-01-01/1620-12-31,Amsterdam,"DTB 43, 53",1718-03-28?,1718-03-28,Amsterdam,"DTB 1103, 35-36",,,,,,,,,,,,,,,"012.000 - f. 60 - W. 52, f. 491",_,,,
129,,Gillis ,Abrahamsz,Hondecoeter,M,"1670 - G. 6 - Backer CG, nr. 3",G. 6,"1668, 72",,1656-01-11,,1635,1635-01-01/1635-12-31,Amsterdam,,1697,1697-01-01/1697-12-31,Amsterdam,,,,,,,,,,,,,,,,_,_,,,
130,Mr.,Joris ,Jansz van,Loon,M,"1670 - G. 6 - Backer CG, nr. 4",G. 6,"1658, 62n., 63, 68n., 69, 74n., 75n., 78",,1631-01-15,,1607,1607-01-01/1607-12-31,Amsterdam,,1680,1680-01-01/1680-12-31,Amsterdam,,,,,,,,stadschirurgijn en chir. O.I.C. (1674),,,,,,,,"003.200 - '120 6-' en '200 10-' W. T, f. 612",_,,,
131,,Jacob ,,Brand / Brandt,M,"1670 - G. 6 - Backer CG, nr. 5",G. 6,"1669n., 70, 75, 79n.",,1658-04-30,,1628,1628-01-01/1628-12-31,Amsterdam,,1680,1680-01-01/1680-12-31,Amsterdam,,,,,,,,,,,,,,,,_,_,,,
132,,Rogier ,Jansz de,Koen / Coen,M,"1670 - G. 6 - Backer CG, nr. 6",G. 6,,,1623-03,,ca. 1600,1598-01-01/1602-12-31,,,1678,1678-01-01/1678-12-31,Amstelveen,,,,,,,,,,,,,,,,_,_,,,
133,Mr.,Aert ,Claesz van,Swieten,M,"1670 - G. 6 - Backer CG, nr. 7",G. 6,1670n.,,1637-07-29,,1618,1618-01-01/1618-12-31,Aalsmeer,,1685,1685-01-01/1685-12-31,Amsterdam,,,,,,,,,,,,,,,,"004.000 - f. 20 - W. 4, f. 34v",_,,,
134,,Jan,Huijbertsz van,Westreenen,M,"1673 - G. 47 - Eeckhout KWG, nr. 1",G. 47,,,,,1630/31,1630-01-01/1631-12-31 ,Tricht (Graafschap Buren),,1693,1693-01-01/1693-12-31,,,Grietje Pieters Floos,Grietje Pieters Floos (1654),"1654-07-31, 23 jr.","DTB 473, p. 333",OZ Achterburgwal,,wijnverlater,,,,,,,,"008.000 - f. 40 - W. 25, f. 233v",,,,
135,,Dirck,,Boonen van Stockom,M,"1673 - G. 47 - Eeckhout KWG, nr. 2",G. 47,,,,,1627/28,1627-01-01/1628-12-31 ,Amsterdam,,1692,1692-01-01/1692-12-31,,,Elisabeth Liskalet,Elisabeth Liskalet (1656),1656-02-04,"DTB 475, p. 296",…dijk,,wijnverlater,,,,,,,,"004.000 - f. 20 - W. 10, f. 95",,,,
136,,Cornelis,van,Loenen,M,"1673 - G. 47 - Eeckhout KWG, nr. 3",G. 47,,,,,1629/30,1629-01-01/1630-12-31 ,Amersfoort,,1684,1684-01-01/1684-12-31,Amsterdam,"DTB 1047, p. 317",Elisabeth Mulders,Elisabeth Mulders (1656),"1656-07-19, 26 jr.",DTB 476. p. 181,"OZ Achterburgwal (1656), Gelderse Kade (1684)",,"wijnverlater (1656), wijnkoper (1684)",,,,,,,,"006.000 - f. 30 - W. 10, f. 95",,,,
137,,Willem,van der,Does,M,"1673 - G. 47 - Eeckhout KWG, nr. 4",G. 47,,,,,1619,1619-01-01/1619-12-31,,,1680,1680-01-01/1680-12-31,,,,,,,,,wijnkoper,,,,,,,,"009.400 - f. 47-10 - W. 36, f. 344v",,,,
138,,Dirck,Claesz van,Leek,M,1674 - OCW. 1 - NN OCW,OCW. 1,O.C.W.  ca. 1664-na 1676,,,,1605-'10 ca. (o.t. 1633),1603-01-01/1612-12-31,Leek,,1678-05-03,1678-05-03,Amsterdam,"DTB 1194, p. 236",Cornelisje Jorisdr (uit Beverwijk),Cornelisje Jorisdr (1633),1633-10-29,"DTB 765, p. 37",Oostenburg (1678),,zeilmaker,,,,,,,,_,,,,
139,,Jan,,Vlasblom,M,1674 - OCW. 1 - NN OCW,OCW. 1,O.C.W. voor 1664-1681,,,,1615/16,1615-01-01/1616-12-31 ,Harlingen,,1681-02-05,1681-02-05,Amsterdam,,Geertruijt Benninx,Geertruijt Benninx (1645),1645-08-04,"DTB 462, p. 215","Water (1645), Singel (1681)",,,,,,,,,,"020.000 - f.100 - W. 30, f. 296",,,,
140,,Wessel,,Smits,M,1674 - OCW. 1 - NN OCW,OCW. 1,O.C.W. van ?-na 1676,,,,1618/19,1618-01-01/1619-12-31 ,Amsterdam,,1680-10-21,1680-10-21,Amsterdam,,Elisabeth Croock,Elisabeth Croock (1644),"1644-01-21, 25 jr.","DTB 460, p. 206",Nieuw Eiland (1680),,,,,,,,,,_,,,,
141,,Hendrick,,Lynslager,M,1674 - OCW. 1 - NN OCW,OCW. 1,O.C.W. van ?-1678,,,,1638-04-16,1638-04-16,Amsterdam,,1678-10-15,1678-10-15,Amsterdam,,Anna de Wildt,Anna de Wildt (1663),1663,,Nieuw Eiland (1678),,coopman,,,,,,,,"083.000 - f.415 - W. 10, f. 99",,,,
142,,Michiel,,Muyden,M,1674 - OCW. 1 - NN OCW?,OCW. 1,kap. waalridders ca. 1673-1698,,,,1638,1638-01-01/1638-12-31,Amsterdam,,1713-01-18,1713-01-18,Amsterdam,,Maria Visvliet hertr. Maria van Rijkel,Maria Visvliet (1664); Maria van Rijkel (1673),1664 hertr. 1673,,Oude Schans (1713),,,,,,,,,,"004.000 - f.20 - W. 11, f.106v",,,,
143,,Joannes/Jan,(de),Tellier / Teljer,M,1674 - OCW. 1 - NN OCW?,OCW. 1,havenmeester 1670-1696,,,,1637/38,1637-01-01/1638-12-31 ,Amsterdam,,1696-03-29,1696-03-29,Amsterdam,,"Albertje Cinckhuijsz / Kinchuijsen (1), Macheltje Pelgroms (2)",Albertje Cinckhuijsz (1663); Macheltje Pelgroms (1669),"1663-02-16 (1), 25 jr., 1669-01-18 (2)","DTB 484, p. 11 (1), DTB 493, p. 106 (2)","Binnen-Amstel (1663), Gelderse Kade, Schreierstoren (1696)",,"lakenkoper (1663), havenmeester (1696)",,,,,,,,"001.800 - f.9 - W. 1, f.8",,,,"kohier 1674, in linker marge: f.1-10; woont in de Schreierstoren"
144,,Jan,,Koenerding,M,"1679-80 - G. 7 - Maes CG, JM nr. 1",G. 7,"1664, 68n., 70, 74, 79, 86n., 88n., 91n., 94",,1653-10-22 [v. Swammerdam],,1632,1632-01-01/1632-12-31,Gronau [Swammerdam?],,1705,1705-01-01/1705-12-31,Amsterdam,,Maria Uijttermerck (1); Anna Eggers van Wassen (2),Maria Uijttermerck (?); Anna Eggers van Wassen (1672),1672-11-08 (2),,Fluwelen Burgwal (1672),,chirurgijn,,,,,,,,"004.000 - f. 20 - W. O, f. 603v",_,,,
145,Mr.,Pieter ,Jansz,Muyser,M,"1679-80 - G. 7 - Maes CG, JM nr. 2",G. 7,"1660n., ’71-’73, ’77-’79, ’81-’83, ’85n., ’86-’88, ’90n., ’91n., ’92-’94, ’96-’98",,1649-02-16,,1625 ca.,1623-01-01/1627-12-31,Amsterdam,,1699 (RKD),1699-01-01/1699-12-31,,,"Maria van der Plasse, wed. v. Carel Niellius","Maria van der Plasse, wed. v. Carel Niellius (1653)",1653-05-30 (28 jr.),,Oude Leliestraat (1653),,chirurgijn,,,,,,,,"010.000 - f. 50 - W. 30, f. 295v",_,,,
146,,Isaack,Hendricksz,Hartman,M,"1679-80 - G. 7 - Maes CG, JM nr. 3",G. 7,"1672, 77, 81n.",,1656-03-09,,1633 ca.,1631-01-01/1635-12-31,Amsterdam,,1684 (RKD),1684-01-01/1684-12-31,,,Jaepje Rodenburgh,Jaepje Rodenburgh (1657),"1657-04-19 (24 jr., zij 21)",,Nes (1657),,chirurgijn,,,,,,,,"002.000 - f. 10 - W. 59, f. 551v","W. LIX / 5463, 3 db., 355 g. huur, kap. ½, ink. 1200 g.",,,
147,,Gerard,Hendricksz,Verhul / van Hull,M,"1679-80 - G. 7 - Maes CG, JM nr. 4",G. 7,"1675, 79, 83n.",,1659-03-13,,1639 ca. (RKD),1637-01-01/1641-12-31,Amsterdam,,1683 (RKD),1683-01-01/1683-12-31,,,Margrieta Duijsentdaelders,Margrieta Duijsentdaelders (1670),1670-08-02 (zij 21 jr.),,Utrechtsestraat (1670),,chirurgijn,,,,,,,,"003.400 - f. 17-10 - W. 60, f. 562v",_,,,
148,Mr.,Allardus ,,Ciprianus,M,"1679-80 - G. 7 - Maes CG, JM nr. 5",G. 7,"1678, 82n.",,1654-03-10,,1629 ca. (RKD),1627-01-01/1631-12-31,Leeuwarden of Bellingwolde,,1683-09,1683-09-01/1683-09-30,,,Sara Beijerlandt (1); Maria Walraven (2),Sara Beijerlandt (?); Maria Walraven (1663),1663-01-26 (2),,Nieuwendijk (1663),,chirurgijn,,,,,,,,"005.000 - f. 25 - W. 17, f. 159v",_,,,
149,,Govert,,Bidloo,M,"1679-80 - G. 7 - Maes CG, JM nr. 6",G. 7,1679,,1671-05-19,,1649,1649-01-01/1649-12-31,Amsterdam,,1713,1713-01-01/1713-12-31,Leiden,,Hendrikje Kiskens,Hendrikje Kiskens (1672),1672-02-25 (23 jr.),,Leliegracht (1672),,chirurgijn,,,,,,,,"004.000 - f. 20 - W. 44, f. 411v",_,,,
150,,Siewert,Siewertsz van,Duinen,M,"1683 - CM. 1 - Backer CM, a",CM. 1,gildeknegt',,,,1632/33,1632-01-01/1633-12-31 ,Amsterdam,,1706,1706-01-01/1706-12-31,Amsterdam,"DTB 1093, p. 61v",Luijtje Lammerts / Lucretia Lambreghts,Luijtje Lammerts (?); Lucretia Lambreghts (1657),"1657-07-20, 24 jr.","DTB 477, p. 346","Breestraat (1657), Nes, boven Kleine Hal (1701, 1706)",,"schoenmaker (1657), bode op Groningen (1701, 1706)",,,,,,,,_,,,,"woont in de kleine hal [Kleine Vleeshal, bij CM]"
151,,Pieter,de,Vriest,M,"1683 - CM. 1 - Backer CM, b",CM. 1,apotheker,,,,1663/64,1663-01-01/1664-12-31 ,Amsterdam,,1699,1699-01-01/1699-12-31,Amsterdam,,Eva Oostrom,Eva Oostrom (1687),1687-02-12,"DTB 515, p. 420",NZ Achterburgwal (1687),,apotheker (1687),,,,,,,,_,,,,
152,Dr.,Egbertus ,,Veen,M,"1683 - CM. 1 - Backer CM, nr. 1",CM. 1,insp. 1671-1704,,,,1629,1629-01-01/1629-12-31,Kampen,,1706,1706-01-01/1706-12-31,Amsterdam,,Anna Plous; hertr. Anna Barleus; hertr. Maria Arminius,Anna Plous (1657); Anna Barleus (1657); Maria Arminius (1692),1657;1657;1692,,,,stadt doctor / dr. ter admiraliteit (1674),,,,,,,,"016.000 [4.000 - f. 20 - W. O, f. 603v en 12.000 - f. 60 - W. 43, f. 399v]",,,,
153,Dr.,Bonaventura,Coegelen van ,Dortmont,M,"1683 - CM. 1 - Backer CM, nr. 2",CM. 1,insp. 1678-1710,"1672 - OZHh 1672, luit. W. LVI 1672-77, Lh 1673-1710†",,"dl. 1, p. 473",1633-06-09,1633-06-09,Vianen,,1710-12-22 (st. Elias),1710-12-22,Amsterdam,"DTB 1093, p.93vo en p.94 Zuiderkerk (1710-12-19)",Maria Elisabeth Blaeu/ Catharina Berewouts,Maria Elisabeth Blaeu (1660); Catharina Berewouts (1667),1660-10-19 (tr Elias)/ 1667-04-03,"DTB 481, p.219 KERK (1660-09-28)/ DTB 490, p.78 KERK (1667-03-16)",Herengracht,Hervormd,Medisch doctor (gepromoveerd in Utrecht 1655),,,,,,,,"025.000 - W. 55, f. 521v",,,,
154,Dr.,Joan,,Verwout,M,"1683 - CM. 1 - Backer CM, nr. 3",CM. 1,insp. 1682-1702,,,,1644/'45,1644-01-01/1645-12-31,Amsterdam,,1708,1708-01-01/1708-12-31,Amsterdam,,Elisabeth du Gardijn,Elisabeth du Gardijn (1679),1679,,,,,,,,,,,,_,,,,
155,Mr.,Joannes,de,Vriest,M,"1683 - CM. 1 - Backer CM, nr. 4",CM. 1,insp. 1677-'86 (apotheker),,,,1632/33,1632-01-01/1633-12-31 ,Amsterdam,,1686-12-09,1686-12-09,Amsterdam,"DTB 1056, p. 318","Aafje Hendricx (1), Elisabeth Wallon / Vallan (2?)",Aafje Hendricx (1661); Elisabeth Wallon (?),"1661-10-15, 28 jr.","DTB 482, p. 312 (1)",Jan Roonpoortstorensteeg (1686),,,,,,,,,,_,,,,
156,Mr.,Jacobus,Dankertsz de,Ry,M,"1683 - CM. 1 - Backer CM, nr. 5",CM. 1,insp. 1682-'87 (apotheker),,,,1630/31,1630-01-01/1631-12-31 ,Amsterdam,,1688-02-02,1688-02-02,Amsterdam,"DTB 1057, p. 1r",Sara van Straesburgh,Sara van Straesburgh (1655),"1655-04-15, 24 jr.","DTB 474, p. 280","Oude Turfmarkt (1655, 1688)",,apotheker,,,,,,,,_,,,,"bij overlijden in 1688 blijft weduwe Elsje Bot achter, sterft 1696"
157,Dr.,Frederik ,,Ruysch,M,"1683 - G. 8 - vNeck CG, JM nr. 1",G. 8,prelector chir.gilde 1666-1731,professor botaniae (onderwijs),,,1638,1638-01-01/1638-12-31,Den Haag,,1731,1731-01-01/1731-12-31,Amsterdam,,,,,,,,,,,Deel 3. 1108,,,,,"003.000 - f. 15 - W. 23, f. 212",_,,,
158,,Anthony ,van,Paemburgh / Paembergh / Pamburg,M,"1683 - G. 8 - vNeck CG, JM nr. 2",G. 8,"1674n. 76, 80, 84, 90n., 91, 95, 1700n.",,1664-11-20,,1641 ca.,1639-01-01/1643-12-31,Amsterdam,,1710-04-15,1710-04-15,Amsterdam,"DTB 1103, p. 14v",Maria Bor,Maria Bor (1668),1668-07-07 (27 jr.),,"Herengracht (1668), Prinsengracht (1710)",,chirurgijn,,,,,,,,"002.400 - f. 12-10 - W. 34, f. 331v",_,,,
159,,Abel,Hansz,Horst,M,"1683 - G. 8 - vNeck CG, JM nr. 3",G. 8,"1680, 84n. 85, 89n., 90, 94, 98, 1705, 09",,1659-08-05,,1636 ca.,1634-01-01/1638-12-31,,,1712-07-19,1712-07-19,Amsterdam,"DTB 1134, p. 75v",Hester van Loon,Hester van Loon (1663),"1663-01-19 (27 jr., zij 26)",,"achter de Nieuwe Kerk (1663), Herengracht, hoek Romeinsarmsteeg (1712)",,stadschirurgijn,,,,,,,,"001.000 - f. 5 - W. 23, f. 210v",_,,,
160,Mr.,Pieter ,Adriaensz,Verduijn,M,"1683 - G. 8 - vNeck CG, JM nr. 4",G. 8,"1680n., 81, 86, 91",,,,,,,,1712-03-11?,1712-03-11,Amsterdam,"DTB 1103, p. 20r",_,,,,Herengracht (1712),,,,,,,,,,"008.000 - f. 40 - W. 30, f. 297",_,,,
161,Mr.,Andries,,Boekelman,M,"1683 - G. 8 - vNeck CG, JM nr. 5",G. 8,"1674, 79n. 81n., 82, 87",,1659-08-29,,1638 ca.,1636-01-01/1640-12-31,Emmerik,,1693-02-24,1693-02-24,Amsterdam,"DTB 1048, p. 13 - OK",Margaretha van Tongerlo,Margaretha van Tongerlo (1660),"1660-03-05 (22 jr., zij 20)",,"Nieuwendijk (1660), Singel (1693)",,chirurgijn (1660); breukmeester en steensnijder (1674),,,,,,,,"002.400 - '250 f. 12-10- W. T, f. 612v","W. XXXIII / 6109, 2 db., 550 g. huur, kap. ½, ink. 1500 g.",,,
162,Mr.,Jean,de,Milly / Melie (1674),M,"1683 - G. 8 - vNeck CG, JM nr. 6",G. 8,"1682, 87, 93, 97, 1702",,1667-04-14,,1635 ca.,1633-01-01/1637-12-31,Den Haag,,1712 voor,?/1711-12-31,Amsterdam,,Catharina Reminck,Catharina Reminck (1672),"1672-12-23 (35 jr., zij 24)",,Deventer Houtmarkt (1672),,chirurgijn,,,,,,,,"006.000 - f. 30 - W. 24, f. 223",_,,,
163,,Hendrick,,Ruysch,M,"1683 - G. 8 - vNeck CG, JM nr. 7",G. 8,,,,,1673,1673-01-01/1673-12-31,,,1727,1727-01-01/1727-12-31,,,_,,,,,,,,,,,,,,_,_,,,
164,,Jan,,Willink,M,"1684-85 - G. 9 - NN CG, JM nr. 1",G. 9,"1683, 88, 93n.",,1675-06-19,,,,Vredenh.,,,,,,_,,,,,,,,,,,,,,"007.800 - f. 39-6 - W. 3, f. 24v of 005.000 - f. 25 - 25",_,,,
165,,Pieter,,Oosdorp / Osdorp,M,"1684-85 - G. 9 - NN CG, JM nr. 2",G. 9,"1683, 87n., 89",,1671-10-29,,,,,,,,,,,,,,,,,,,,,,,,"001.000 - f. 5 - W. 46, f. 429v",_,,,
166,,Gerret,,Corver,M,"1684-85 - G. 9 - NN CG, JM nr. 3",G. 9,"1684, 88, 95n., 97, 1701, 06, 09 dec., 11n., 13, 17",,1664-07-23,,1641 ca.,1639-01-01/1643-12-31,Amsterdam,,1720-02-07,1720-02-07,Amsterdam,"DTB 1075, p. 84r",Martijntje Backers,Martijntje Backers (1665),"1665-04-03 (24 jr., zij 21)",,"Nieuwendijk (1665), Weesper bierkade (1720)",,chirurgijn,,,,,,,,_,_,,,
167,,Cornelis ,Andriesz,Boekelman,M,"1699 - G. 10 - Pool CG, JM nr. 1",G. 10,"1694n., 95, 99, 1704, 08, 12, 16, 20, 24",,1686-07-19,,1666 ca.,1664-01-01/1668-12-31,Amsterdam,,1728-01-15,1728-01-15,Amsterdam,"DTB 1048, p. 105v",Phebe Verlaan,Phebe Verlaan (1689),"1689-10-13 (23 jr., zij 17)",,"Singel (1689, 1728)",,chirurgijn,,,,,,,,_,_,,,
168,,Jan,,Six,M,"1699 - G. 10 - Pool CG, JM nr. 2",G. 10,"1696, 1700",,1693-08-25,,1668 ca.,1666-01-01/1670-12-31,Amsterdam,,,,,,"Egbertje Baals, wed. v. Cornelis van Bil","Egbertje Baals, wed. v. Cornelis van Bil (1694)",1694-04-22 (26 jr.),,Oude Hooghstraat (1694),,chirurgijn,,,,,,,,_,_,,,
169,,Dirk,,Schelte,M,"1701 - G. 36 - Pool GZG, nr. 1",G. 36,"1674 (11): 74k, 76d, 77k, 89k, 91k, 94d, 95k, 97d, 98k, 1701d, 02k",,,,1639-10-02,1639-10-02,Amsterdam,,1715,1715-01-01/1715-12-31,,,,,,,,,,,,,,,,,,,,,
170,,Gerard,de,Lange,M,"1701 - G. 36 - Pool GZG, nr. 2",G. 36,"1690 (14): 90k, 93k, 98d, 99k, 01k, 03k, 05d, 06k, 08k, 11k, 14k, 17d, …",,,,,,,,,,,,,,,,,,,,,,,,,,,,,,
171,,Johannes,de,Vicq,M,"1701 - G. 36 - Pool GZG, nr. 3",G. 36,"1698k, 1700d, 01k, 03d, 04k, 07k, 10d, 11k, 13k, 17k, …",,,,,,,,,,,,,,,,,,,,,,,,,,,,,,
172,,Matheus,,Weyland,M,"1701 - G. 36 - Pool GZG, nr. 4",G. 36,"1699 (5): 99k, 01k, 03k, 05k, 08k",,,,,,,,,,,,,,,,,,,,,,,,,,,,,,
173,,Hendrick,de,Hondt,M,"1701 - G. 36 - Pool GZG, nr. 5",G. 36,"1699 (12): 99k, 01k, 04k, 06d, 07k, 10k, 13k, 15k, …",,,,,,,,,,,,,,,,,,,,,,,,,,,,,,
174,,Nicolaes,,Kies / Kiesz,M,"1706 - G. 11 - NN CG, JM nr. 1 (midden)",G. 11,"1696n., 99n., 1700, 04, 08, 12, 16, 20",,1682-08-31,,1653 ca.,1651-01-01/1655-12-31,Emden,,1731-08-01,1731-08-01,Amsterdam,"DTB 1071, p. 74v",Anna Blom,Anna Blom (1682),"1682-12-24 (29 jr., zij 27)",,"Papenbrugsteeg (1682), Egelantiersgracht, tussen de twee middelste bruggen (1731)",,chirurgijn,,,,,,,,,_,,,
175,,Hendrik,,Smekes,M,"1706 - G. 11 - NN CG, JM nr. 2 (links)",G. 11,"1697n., 1705, 09, 09†",,1688-11-12,,1662/63,1662-01-01/1663-12-31,Amsterdam,,1709-12-04,1709-12-04,Amsterdam,"DTB 1057, p. 131v",Maria Arensbergh,Maria Arensbergh (1688),"1688-10-30 (25 jr., zij 21)","DTB 696, p. 212","Noordermarkt (1688), Prinsengracht (1709)",,chirurgijn,,,,,,,,,_,,,
176,,Nicolaes,,Heems,M,"1706 - G. 11 - NN CG, JM nr. 3 (rechts)",G. 11,1706,,1682-12-17,,1651 ca?,1649-01-01/1653-12-31,Diemen?,,1709-09-30?,1709-09-30,Amsterdam,"DTB 1048, p. 46r",,,,,Keizersgracht (1709),,,,,,,,,,,_,,,
177,,Dirk,,Cloes,M,"1716 - G. 12 - Boonen CG, JM nr. 1",G. 12,"1688n., 92, 1703, 07, 11, 15, 19",,1672-11-18,,1649 ca.,1647-01-01/1651-12-31,Emden,,,,,,Emerentia Gerretsz,Emerentia Gerretsz (1672),1672-11-25 (23 jr.),,Keizersgracht (1672),,chirurgijn,,,,,,,,,_,,,
178,,Roelof,,Roelvink,M,"1716 - G. 12 - Boonen CG, JM nr. 2",G. 12,"1705n., 1710, 14, 18, 22, 26, 30",,1674-03-22 (sr.)/ 1699-12-11 (jr.),,1676 ca.,1674-01-01/1678-12-31,Amsterdam,,1736-11-09,1736-11-09,Amsterdam,"DTB 1049, p. 36r",Anna Tromp,Anna Tromp (1701),"1701-03-11 (25 jr., zij 19)",,"Haarlemmerdijk (1701), Haarlemmerstraat (1736)",,chirurgijn,,,,,,,,,_,,,
179,,Jan,Adriaensz,Koenerding,M,"1716 - G. 12 - Boonen CG, JM nr. 3",G. 12,"1710, 14, 22, 26, 30",,1700-06-15,,1678-07-25 d.,1678-07-25,Amsterdam,,,,,,Bregitta de Bosch,Bregitta de Bosch (1706),1706-10-23 (27 jr.),,Singel (1706),,chirurgijn,,,,,,,,,_,,,
180,,Hilling,Tadeusz van,Velsen,M,"1716 - G. 12 - Boonen CG, JM nr. 4",G. 12,"1703n., 11, 15, 19, 23",,1680-02-01,,1657 ca.,1655-01-01/1659-12-31,Emden,,,,,,Janneke de Raet,Janneke de Raet (1679),"1679-04-15 (22 jr., zij 20)",,Vlooyenburgh (1670),,chirurgijn,,,,,,,,,_,,,
181,,Benjamin,van,Tongeren,M,"1716 - G. 12 - Boonen CG, JM nr. 5",G. 12,"1713, 17, 21, 25",,1708-09-13,,1683 ca.,1681-01-01/1685-12-31,Kampen,,1729-01-20,1729-01-20,Amsterdam,"DTB 1103, p. 68r",Maria Crabeth (v. Gouda),Maria Crabeth (1716),"1716-04-16 (33 jr., zij 29)",,"Leidsestraat (1716, 1729)",,chirurgijn,,,,,,,,,_,,,
182,,Joost,ter,Pelkwijk,M,"1724 - CM. 2 - Troost CM, a",CM. 2,gildeknecht',,,,,,,,1725,1725-01-01/1725-12-31,Amsterdam,,,,,,,,,,,,,,,,,,,,woont in de kleine hal aan de Nes
183,Dr.,Hendrik,van,Bronkhorst,M,"1724 - CM. 2 - Troost CM, nr. 1",CM. 2,"insp. 1702-'30 (doctor), decaan",,,,1669/'70,1669-01-01/1670-12-31,Amsterdam,,1730,1730-01-01/1730-12-31,Amsterdam,,Catharina Chomart/Chombaer; hertr. Theodora van Krimpen,Catharina Chomart (1688); Theodora van Krimpen (1692),1688; hertr. 1692,,,,,,,,,,,,,,,,
184,Prof.dr.,Caspar,,Commelin,M,"1724 - CM. 2 - Troost CM, nr. 2",CM. 2,insp. 1711-'31 (doctor),,,,1668-10-14,1668-10-14,Amsterdam,,1731-12-25,1731-12-25,Amsterdam,,,,,,,,,,,,,,,,,,,,
185,Dr.,Daniël,van,Buuren,M,"1724 - CM. 2 - Troost CM, nr. 3",CM. 2,insp. 1721-'41 (doctor),,,,1686,1686-01-01/1686-12-31,,,1741-06-20,1741-06-20,Amsterdam,,,,,,,,,,,,,,,,,,,,
186,Mr.,Jeronimo,de,Bosch I,M,"1724 - CM. 2 - Troost CM, nr. 4",CM. 2,insp. 1714-'65 (apotheker),,,,1677-11-18,1677-11-18,Amsterdam,,1767-01-26,1767-01-26,Amsterdam,,,,,,,,,,,,,,,,,,,,
187,Mr.,Martinus,,Haasbaart,M,"1724 - CM. 2 - Troost CM, nr. 5",CM. 2,insp. 1722-'27 (apotheker),,,,1656/'57 ,1656-01-01/1657-12-31 ,Kaster Gulik,,1727-11-10,1727-11-10,,,Antonella Spieringhs (Bommel),Antonella Spieringhs (1681),1681-05-09,,,,,,,,,,,,,,,,
188,,Willem,,Röell,M,"1728 - G. 13 - Troost CG, JM nr. 1 ",G. 13,"assistent-praelector chir.gilde 1727-’31, praelector 1731-’55",,,,1700,1700-01-01/1700-12-31,Franeker,,1775,1775-01-01/1775-12-31,Utrecht,,,,,,,,,,,,,,,,,_,,,
189,,Theodorus,van,Brederode,M,"1728 - G. 13 - Troost CG, JM nr. 2",G. 13,1725,,1713-12-18,,1688 ca.,1686-01-01/1690-12-31,Amsterdam,,1743-08-07?,1743-08-07,Amsterdam,"DTB 1238, p. 128r",Geertruijt Meijer,Geertruijt Meijer (1714),"1714-03-23 (26 jr., zij 27)","DTB 550, p. 159","Huiszittensteeg (1714), Pesthuis (1743)",,chirurgijn,,,,,,,,,,,,
190,,Anthoni ,,Milaan,M,"1728 - G. 13 - Troost CG, JM nr. 3",G. 13,"1727, 31",,1710-04-18,,1685 ca.,1683-01-01/1687-12-31,Zwolle,,1737-07-22?,1737-07-22,Amsterdam,"DTB 1104, p. 12r",Anna Buijtenwaart,Anna Buijtenwaart (1711),"1711-12-11 (26 jr., zij 22)","DTB 547, p. 453","Langestraat (1711), Singel (1737)",,chirurgijn,,,,,,,,,_,,,
191,,Bernardus,van,Vijven,M,"1728 - G. 13 - Troost CG, JM nr. 4",G. 13,1727,,1711-04-30,,1690 ca.,1688-01-01/1692-12-31,Brugge,,,,,,"Margrieta Schrick, wed. v. Pieter Cleveringh","Margrieta Schrick, wed. v. Pieter Cleveringh (1710)",1710-10-23 (26 jr.),"DTB 546, p. 278",Brouwersgracht (1710),,chirurgijn,,,,,,,,,_,,,Margrieta Schrick is weduwe van Pieter Cleveringh
192,,Pieter,,Cleveringh,M,"1728 - G. 13 - Troost CG, JM nr. 5",G. 13,knecht,,1696-04-18 [ca. 29 jr.] of 1724-04-14 'PCvV v. A.',,1667/68 ca.,1665-01-01/1670-12-31,Leeuwarden,,,,,,Margrieta Schrick,Margrieta Schrick (1695),"1695-11-11 (28 jr., zij 22)","DTB 525, p. 75","O.Z. Teertuinen (1695), Rozengracht (1742)",,chirurgijn,,,,,,,,,"W. 41 / 2291: db. 2, hr. 395, ch., p. 1, ink. 2500",,,
193,,Isaac ,Hansz,Hartman,M,"1731 - G. 14 - Troost CG, JM nr. 1 (links) ",G. 14,1728,,1711-09-08,,1685 ca.,1683-01-01/1687-12-31,,,,,,,Anna Burgers,Anna Burgers (1711),"1711-09-25 (26 jr., zij 23)","DTB 547, p. 350","Utrechtsestraat (1711), Achtergracht (1742)",,chirurgijn v.h. stadsgarnizoen,,,,,,,,,"W. 59 / 5463: db. 3, hr. 355, kap. 1/2, ink. 1200",,,
194,,Adriaan,Pietersz,Verduijn / van der Duijn,M,"1731 - G. 14 - Troost CG, JM nr. 2 (rechts)",G. 14,1729,,1692-08-01,,,,,,1749-04-16?,1749-04-16,Amsterdam,"DTB 1104, p. 51r",,,,,"Herengracht (1742, 1749)",,"chirurgijn, chir. v.h. gerecht (1751-?)",,,,,,,,,"W. 30 / 5241: db. 2, hr. 440, bp. 1, ov.w., p. 2, kap. 1/2, ink. 6000",,,
195,,Elias ,,Huijser,M,"1731 - G. 14 - Troost CG, JM nr. 3 (midden)",G. 14,1729,,1711-08-22,,1688 ca.,1686-01-01/1690-12-31,,,,,,,Sara Gasijn,Sara Gasijn (1711),"1711-10-09 (23 jr., zij 19)","DTB 547, p. 368","Elandsgracht (1711), Reestraat (1742)",,chirurgijn,,,,,,,,,"W. 39 / 1586: db. 1, hr. 355, ch., p. 1, kap. 1/2, ink. 3000",,,
196,,Willem,,Röell,M,"1732 - G. 15 - Quinkhard CG, JM nr. 1",G. 15,"assistent-praelector chir.gilde 1727-’31, praelector 1731-’55",,,,1700,1700-01-01/1700-12-31,Franeker,,1775,1775-01-01/1775-12-31,Utrecht,,,,,,,,,,,,,,,,,_,,,
197,,Abraham,,Titsingh,M,"1732 - G. 15 - Quinkhard CG, JM nr. 2",G. 15,"1731, 35, 39, 43, 48",,1711-01-16,,1684/85,1684-01-01/1685-12-31 ,Amsterdam,,1776,1776-01-01/1776-12-31,Amsterdam,,,,,,Keizersgracht (1742),,"chirurgijn v.d. Admir., chir. v.h. gerecht (1732-'76), stadsvroedmeester (1732-'76), chir. v.h. stadsgarnizoen (1765-'76)",,,,,,,,,"W. 14 / 4711: db. 2, hr. 450, kap. 1/2, ink. 1500",,,
198,,Bartholomeus,,Vermeij,M,"1732 - G. 15 - Quinkhard CG, JM nr. 3",G. 15,"1732 jan., 33†",,1687-12-12,,1663 ca.,1661-01-01/1665-12-31,Den Haag,,1733,1733-01-01/1733-12-31,,,Maria / Mariken van Meijerick,Mariken van Meijerick (1689),"1689-3-18 (26 jr., zij 23)","DTB 517, p. 484",Huidenstraat (1689),,chirurgijn,,,,,,,,,,,,
199,,Wighard / Wiggert,van,Wesik / Wesick,M,"1732 - G. 15 - Quinkhard CG, JM nr. 4",G. 15,"1732 jan., 36, 40, 44, 45†",,1692-02-21,,1668 ca.,1666-01-01/1670-12-31,Amsterdam,,1745,1745-01-01/1745-12-31,,,Eva van Toorn,Eva van Toorn (1696),"1696-5-25 (28 jr., zij 28)","DTB 526, p. 49","Herenstraat (1696), Leidsegracht (1742)",,"chirurgijn, id. v.d. OIC (1742)",,,,,,,,,"W. 55 / 2881: db 2, hr. 525, ink. 2000 ('Richard van Wesick)",,,
200,,Joannes,de,Bruijn,M,"1732 - G. 15 - Quinkhard CG, JM nr. 5",G. 15,"1732 jan., 34",,1703-12-28 [24 jr.],,1679/82 ca.,1677-01-01/1684-12-31,Zaandam,,1742 voor of in,?/1742-12-31,,,Maria Gosina de Mol,Maria Gosina de Mol (1710),"1710-2-28 (28 jr., zij 23)","DTB 545, p. 267",St. Jacobstraat (1710),,chirurgijn,,,,,,,,,,,,
201,,Willem Hendrik,,Monnikhof,M,"1732 - G. 15 - Quinkhard CG, JM nr. 6",G. 15,"1732 jan., 34",,1706-05-08 [ca. 30 jr.],,1674/76 ca.,1672-01-01/1678-12-31,Oortmarsum,,1759-05-21 (o.),1759-05-21,Amsterdam,,Anna Elisabeth Top,Anna Elisabeth Top (1704),"1704-11-7 (29 jr, zij 28)","DTB 537, p. 341",Herengracht (1704),,chirurgijn,,,,,,,,,_,,,
202,,Cornelis ,van der,Swed / Swet,M,"1732 - G. 15 - Quinkhard CG, JM nr. 7",G. 15,"1732 jan., 33",,1714-11-23 [26 jr.],,1687/88 ca.,1685-01-01/1690-12-31,Amsterdam,,1750 in of na,1570-01-01/?,,,Anna Wallant,Anna Wallant (1715),"1715-6-7 (27 jr., zij 30)","DTB 551, p. 338",Utrechtsestraat (1742),,chirurgijn,,,,,,,,,"W. 60 / 5696: db. 1, hr. 350, kap. 1/2, ink. 1500",,,
203,,Michiel,,Bruyningh,M,"1736/43 - G. 42 - NN WKG, nr. 1",G. 42,"1725, 28, 31, 34, 37, 40, 43","1710 - vaand. W. VIII 1710-17, luit. W. VIII 1717-44, kap. W. VIII 1744-48; 1748 C.; 1748-73 R.",,"358 - dl. 2, p. 853 ",1690-01-23,1690-01-23,,,1773-11-25,1773-11-25,,,Geertruyd van Byland,Geertruyd van Byland (1718),1718,,Oude Turfmarkt (1742),,rijnwijnverkoper,,,,,,,,,"W. 8 / 1852: db 3, hr. 1215, bp. 1, 1 k.+2 p., kap. 1, ink. 5000",,,
204,,Jacobus,,Veeckens / Vekes,M,"1736/43 - G. 42 - NN WKG, nr. 2",G. 42,"1732, 35, 38, 41, 44-47",,,,,,,,,,,,,,,,Leidse Straat (1742),,"wijnkoper, dir. vd wijnen",,,,,,,,,"W. 55 / 2991: db. 1, hr. 380, ink. 1500",,,
205,,Hendrick ,,Meysenheym,M,"1736/43 - G. 42 - NN WKG, nr. 3",G. 42,"1733, 35, 38, 41, 44-47",,,,,,,,,,,,,,,,OZ Voorburgwal (1742),,wijnkoper,,,,,,,,,"W. 4 / 834: db. 1, hr. 415, kap. 1/2, ink. 1500",,,
206,,Pieter,,Froon,M,"1736/43 - G. 42 - NN WKG, nr. 4",G. 42,"1733, 36, 39, 42 ",,,,1696/97,1696-01-01/1697-12-31 ,Groningen / Ouderdum,,,,,,,,,,,,,,,,,,,,,_,,,
207,,Marten,ten,Hove,M,"1736/43 - G. 42 - NN WKG, nr. 5",G. 42,"1733, 36, 39, 42, 45",,,,1683/84,1683-01-01/1684-12-31 ,Amsterdam,,1759-12-11,1759-12-11,Amsterdam,"DTB 1049, p. 119r",,,,,Fluwelenburgwal (1742),,wijnkoper,,,,,,,,,"W. 8 / 1995: db. 2, hr. 605, kap. 1, ink. 2000",,,
208,,Esaias ,,Linkenburg,M,"1736/43 - G. 42 - NN WKG, nr. 6",G. 42,"1735, 38, 41, 44-47",,,,1692/93,1692-01-01/1693-12-31 ,Amsterdam,,,,,,,,,,,,,,,,,,,,,_,,,
209,,Jacobus ,van,Veen,M,"1736/43 - G. 42 - NN WKG, nr. 7",G. 42,"1737, 40, 43",,,,,,,,,,,,,,,,Binnen-Amstel (1742),,"wijnkoper, directeur",,,,,,,,,"W. 28 / 4657: db. 2, hr. 500, kap. 1/2, ink. 3000",,,
210,,Pieter,,Plaatman,M,"1738 - G. 16 - Quinkhard CG, JM nr. 1",G. 16,1718,,1698-07-20,,1673 ca.,1671-01-01/1675-12-31,Langendijk,,1747,1747-01-01/1747-12-31,,,Alida van den Berg,Alida van den Berg (1699),1699-4-10,"DTB 701, p. 165 Pui","Jan Roonpoortstorensteeg (1699), Hartenstraat (1742)",,chirurgijn v.d. stad,,,,,,,,,"W. 39 / 1547: db. 2, hr. 600, bp. 1, cher?, p. 2, ink. 8000",,,
211,,Abraham,,Titsingh,M,"1738 - G. 16 - Quinkhard CG, JM nr. 2",G. 16,"1731, 35, 39, 43, 48",,1711-01-16,,1684/85,1684-01-01/1685-12-31 ,Amsterdam,,1776,1776-01-01/1776-12-31,Amsterdam,,,,,,Keizersgracht (1742),,chirurgijn v.d. Admir.,,,,,,,,,"W. 14 / 4711: db. 2, hr. 450, kap. 1/2, ink. 1500",,,
212,,Leonard,,Coster,M,"1738 - G. 16 - Quinkhard CG, JM nr. 3",G. 16,"1732, 38 mrt., 40, 44",,1695-03-25 [ca. 20 jr.],,1675 ca.,1673-01-01/1677-12-31,Amsterdam,,,,,,,,,,Fluwelenburgwal (1742),,chirurgijn,,,,,,,,,W. 2 / 384: ink. 600,,,
213,,Augustinus,,Graver,M,"1738 - G. 16 - Quinkhard CG, JM nr. 4",G. 16,"1733, 38",,1721-02-21,,1695/96,1695-01-01/1696-12-31 ,,,,,,,,,"1721, 25 jr.",,,,chirurgijn,,,,,,,,,_,,,
214,,Hermanus,,Meyer,M,"1738 - G. 16 - Quinkhard CG, JM nr. 5",G. 16,"1733, 37",,1701-08-12 [van Lier; sic! HM sr.?],,1702/03,1702-01-01/1703-12-31 ,,,,,,,,,"1733, 30 jr.",,Bethaniënstraat (1742),,chirurgijn,,,,,,,,,W. V / 970: ink. 600,,,
215,,Jan,Pietersz,Bekker / Becker,M,"1738 - G. 16 - Quinkhard CG, JM nr. 6",G. 16,1735,,1710-06-17,,1684/85 ca.,1682-01-01/1687-12-31,Groningen,,,,,,,,1713 (28 jr.),,"Singel (1713), Oude Spiegelstraat (1742)",,chirurgijn,,,,,,,,,"W. 29 / 4913: hr. 270, ink. 1000",,,
216,,Johannes,,Lakeman,M,"1738 - G. 16 - Quinkhard CG, JM nr. 7",G. 16,"1737, 41, 45, 49, 57, 59, 61",,,,1696/97,1696-01-01/1697-12-31 ,,,1766-11-22,1766-11-22,Amsterdam,"DTB 1059, p. 48v",,,"1725, 28 jr.",,Herengracht (1742),,chirurgijn,,,,,,,,,"W. 30 / 5219: db. 2, hr. 380, kap. 1/2, ink. 1500",,,
217,,Hendrik,van der ,Ven,M,"1744 - G. 17 - Quinkhard CG, JM nr. 1",G. 17,"1738, 42, 46†",,1704-05-16 {23 jr.],,1679/81 ca.,1677-01-01/1683-12-31,Amsterdam,,1747-04-16,1747-04-16,,,Elisabet Provoost,Elisabet Provoost (1704),"1704-5-23 (23 jr., zij 25)","DTB 537, p. 130","Noortse Bos (1704), Kolk (1742)",,chirurgijn,,,,,,,,,"W. 19 / 1812: db. 3, hr. 400, ink. 1000",,,
218,,Otto,,Ruysch,M,"1744 - G. 17 - Quinkhard CG, JM nr. 2",G. 17,"1739, 43, 46, 49",,"1726-11 (25 jr., Emden)",,1701/02,1701-01-01/1702-12-31 ,Emden,,,,,,Geertruij Elisabeth van Capelle,Geertruij Elisabeth van Capelle (1726),"1726-10-4 (24 jr., zij 22)","DTB 565, p. 318","Egelantiersgracht (1726), Zwanenburgwal (1742)",,chirurgijn,,,,,,,,,"W. 14 / 4138: db. 1, hr. 450, kap. 1/2, ink. 1200",,,
219,,Johannes,van,Gorssel,M,"1744 - G. 17 - Quinkhard CG, JM nr. 3",G. 17,"1741, 42, 45, 49",,,,,,,,1751,1751-01-01/1751-12-31,,,,,,,Huidenstraat (1742),,chirurgijn v.h. Gerecht en v.d. Admir.,,,,,,,,,"W. 33 / 5934: db. 1, hr. 400, ch., p. 1, ink. 2500",,,
220,,Hendrik,,Sak / Sack,M,"1744 - G. 17 - Quinkhard CG, JM nr. 4",G. 17,"1742, 43, 46",,1723-10-01 (30 jr.),,1691/93 ca.,1689-01-01/1695-12-31,Quakenburgh,,1758-01-23,1758-01-23,Amsterdam,"DTB 1140, p. 173","Helena Geertruij Molans, wed. v. Jan Lindenburg","Helena Geertruij Molans, wed. v. Jan Lindenburg (1721)",1721-3-27 (30 jr.),"DTB 712, p. 332","Dirck van Assensteeg (1721), Herenstraat (1742), Nieuwstraat (1758)",,stadschirurgijn,,,,,,,,,"W. 48 / 4432: db. 3, hr. 250, ink. 1500",,,
221,,Jan,,"Agges Scholten, heer van Aschat ",M,"1747 - OCW. 2 - Quinkhard OCW, nr. 1",OCW. 2,O.C.W. 1714-ca. 1749,"1715 - kap. W. XXXV 1715-48, 1716-48 km. Oo.K.",1748 C.; 1748-72 R.; 1750 Sch.,"359 - dl. 2, p. 857, nr. 359 ",1690-10-03 d. g.o.,1690-10-03,Amsterdam,,1772-05-11,1772-05-11,,,Pieternella Hoogenberg,Pieternella Hoogenberg (1711),1711-12-03,Amsterdam,Kleine Kattenburgerstraat (1742),,commandant op de werf,,,,,,,,,"W16 / 412: hr. 140, ink 600",,,
222,,Hendrik,van,Castricum,M,"1747 - OCW. 2 - Quinkhard OCW, nr. 2",OCW. 2,O.C.W. 1734-1748,,,,1692 ca.,1690-01-01/1694-12-31,,,1768-01-09,1768-01-09,Amsterdam,,,,1720 (28 jr.),,Buitenkant (1742),,koopman,,,,,,,,,"W. 10 / 2499: db. 3, hr. 635, kap. 1, ink. 4000",,,
223,,Jacobus,du,"Peyrou Jansz, Heer van Limmen",M,"1747 - OCW. 2 - Quinkhard OCW, nr. 3",OCW. 2,O.C.W. 1742-ca. 1757,Dir. Levantsche Handel (1742),,,1692-08-24 g. g.o.,1692-08-24,,,1756-06-15 o.,1756-06-15,Velsen,,Maria Catharina Treschouw (2),Maria Catharina Treschouw (1727),"1721 (28 jr.), 1727-03-25 (2, 34 jr.)",,Herengracht (1742),,,,,,,,,,,"W. 57 / 3814: db. 7, hr. 1975, bp. 1, k.+ 4 p., ov.j., kap. 1, ink. 18000",,,
224,,Karel,,Lijnslager,M,"1747 - OCW. 2 - Quinkhard OCW, nr. 4",OCW. 2,O.C.W. 1743-ca. 1750,,,,1702 ca. [Jan Carel],1700-01-01/1704-12-31,,,1772-12-01,1772-12-01,Amsterdam,,,,"1731 (JKL, 29 jr.)",,Herengracht (1742),,koopman,,,,,,,,,"W. 59 / 5196: db. 3, hr. 680, ink. 2500",,,
225,,Hendrik,de,Lange,M,"1748 G. 50 - Quinkhard KWG, nr. 1",G. 50,"1732 (okt.), 35, 38, 41, 44, 47",,,,1692-02-24,1692-02-24,Amsterdam,"DTB 46, p.112","1748-03-30 o., 04-04 b.",1748-03-30,Amsterdam,"DTB 1065, p.120vo en p.121",Agneta Swartepaart,Agneta Swartepaart (1722),1722-06-05 (31),"DTB 560, p.45","Herengracht (1724, 1742, 1748)",,wijnkoper (1742),,,,,,,,,"W. 29 / 5032: db. 2, hr. 940, ink. 4000",,,
226,,Evert,,Everwijn,M,"1748 G. 50 - Quinkhard KWG, nr. 2",G. 50,"1734 (nov.), 37, 40, 43, 46, 49, 52, 55, 58, 61, 64",,,,1693/94,1693-01-01/1694-12-31 ,Kleef,,1766-09-05,1766-09-05,Amsterdam,"DTB 1097, p.10vo en p.11",Anna van Meekeren,Anna van Meekeren (1721),1721-10-09,"DTB 559, p.62 ","Reguliersgracht (1742, 1766)",,wijnkoper (1742),,,,,,,,,"W. 58 / 5097: db. 1, hr. 300, ink. 1200",,,
227,,Gerard,de,Putter,M,"1748 G. 50 - Quinkhard KWG, nr. 3",G. 50,"1736n, 37 (okt.), 42, 45, 48, 51, 54, 57, 60, 63, 66, 69",,,,,,,,1771-02-09,1771-02-09,Amsterdam,"DTB 1060, p.4vo en p.5",Catharina Steenge,Catharina Steenge (1726),1726-11-22," DTB 565, p.413","Singel (1742, 1765)",,wijnkoper (1742),,,,,,,,,"W. 23 / 2789: db. 1, hr. 500, ink. 2000",,,
228,,Salomon,van de,Velde,M,"1748 G. 50 - Quinkhard KWG, nr. 4",G. 50,"1748 (okt.), 50, 53, 56, 59, 62, 65, 68, 71, 74, 77, 80",,,,,,,,,,,,Maria de Haan/ Clara van Swanevelt,Maria de Haan (1706); Clara van Swanevelt (1730),1706-04-30/ 1730-06-08,"DTB 540, p.36/ DTB 570, p.387",,,,,,,,,,,,_,,,
229,,zoon' [Isaac?],van de,Velde,M,"1748 G. 50 - Quinkhard KWG, nr. 5",G. 50,,,,,1711 [Isaac],1709-01-01/1713-12-31,,,1766-07-22 [Isaac],1766-07-22,,,,,,,,,,,,,,,,,,,,,
230,,Jeronimo,de,Bosch II,M,"1756 - CM. 3 - Regters CM, a",CM. 3,apotheker,,,,1711,1711-01-01/1711-12-31,Amsterdam,,1779,1779-01-01/1779-12-31,Amsterdam,,,,,,Vijzelstraat (1742),,apotheker,,,,,,,,,"W. 58 / 4397: db. 1, hr. 290, ink. 1000",,,
231,,Joannes,,Lafrens,M,"1756 - CM. 3 - Regters CM, b",CM. 3,bediende,,,,1718,1718-01-01/1718-12-31,Amsterdam,,1775-06-07,1775-06-07,Amsterdam,,Maria Burgers,Maria Burgers (1744),1744-05-01,,,,,,,,,,,,,_,,,
232,Dr.,Joannes,,Hanedoes,M,"1756 - CM. 3 - Regters CM, nr. 1",CM. 3,"insp. 1732-'77, decaan 1753-",dr. vd gerechte 1737-,,,1689,1689-01-01/1689-12-31,Woudrichem,,1777,1777-01-01/1777-12-31,,,,,,,Keizersgracht (1742),,med. dr.,,,,,,,,,"W. 33/ 5891: db. 2, hr. 640, k.+ 1 p., kap. 1/2, ink. 2500",,,
233,Dr.,Cornelis Joannes,de,Famars,M,"1756 - CM. 3 - Regters CM, nr. 2",CM. 3,"insp. 1748-'91, decaan 1777-",,,,1721,1721-01-01/1721-12-31,,,1791-10-05,1791-10-05,Amsterdam,,,,,,,,,,,,,,,,,_,,,
234,Dr.,Petrus,van,Leendt / Leent,M,"1756 - CM. 3 - Regters CM, nr. 3",CM. 3,insp. 1753-'80,,,,1700 ca.,1698-01-01/1702-12-31,Utrecht,,1780-11-15,1780-11-15,Amsterdam,,,,,,Herengracht (1742),,med. dr.,,,,,,,,,"W. 30 / 5242: db. 2, hr. 885, k.+1 p., kap. 1, ink. 4000",,,
235,Dr.,Abraham,van,Hagen,M,"1756 - CM. 3 - Regters CM, nr. 4",CM. 3,insp. 1754-'71,,,,1701 ca.,1699-01-01/1703-12-31,Aken,,1771-02-22,1771-02-22,Amsterdam,,,,,,,,,,,,,,,,,_,,,
236,Mr.,Jeronimo,de,Bosch I,M,"1756 - CM. 3 - Regters CM, nr. 5",CM. 3,insp. 1714-'65,,,,1677-11-18,1677-11-18,Amsterdam,,1767-02-02,1767-02-02,Amsterdam,,,,,,Herengracht (1742),doopsgezind,apotheker,,,,,,,,,"W. 39 / 1538: db. 4, hr. 740, kap. 1, ink. 5000",,,
237,Mr.,Petrus,,Thierens,M,"1756 - CM. 3 - Regters CM, nr. 6",CM. 3,insp. 1751-'64,,,,1708,1708-01-01/1708-12-31,Arnhem,,1764,1764-01-01/1764-12-31,Amsterdam,,,,,,Keizersgracht (1742),,apotheker,,,,,,,,,"W. 33 / 5843: db. 2, hr. 440, ink. 1500",,,
238,,Gerrit,van der ,Weert,M,"1759 - G. 18 - Regters CG, a",G. 18,knecht,,,,1715 ca.,1713-01-01/1717-12-31,Kampen,,"1758-12-28 o., 1759-01-04 b.",1758-12-28,Amsterdam,,Jacoba Burggraaf,Jacoba Burggraaf (1739),1739-10-23,582 / 382,Utrechtsedwarsstraat (1739),,chirurgijn,,,,,,,,,_,,,
239,Prof.dr.,Petrus,,Camper,M,"1759 - G. 18 - Regters CG, nr. 1",G. 18,prelector chir.gilde 1755-61,,,,1722,1722-01-01/1722-12-31,Leiden,,1789,1789-01-01/1789-12-31,Den Haag,,,,,,,,,,,,,,,,,_,,,
240,,Loth,,Lothsz,M,"1759 - G. 18 - Regters CG, nr. 2",G. 18,"1747, 51, 55, 63, 67, 71, 75, 79, 81†",,1724-04-14,,1700 ca.,1698-01-01/1702-12-31,Witmont,,1781-07-17 o.,1781-07-17,,,,,,,"Looiersgracht (1742, 1768)",,chirurgijn,,,,,,,,,"W. 35 / 156: db. 1, hr. 300, ink. 1000",,,
241,,Pieter,,Jas,M,"1759 - G. 18 - Regters CG, nr. 3",G. 18,"1747, 51, 55, 59, 63, 67, 71, 75, 79, 83",,1732,,1702 ca.,1700-01-01/1704-12-31,Culemborg,,1788,1788-01-01/1788-12-31,,,,,,,"1ste Leliegracht (1742, 1768)",,"stadschirurgijn, chir. v.h. gerecht (1759-'88) ",,,,,,,,,"W. 44 / 3143: db. 1, hr. 340, ink. 1200",,,
242,,Coenraad,,Nelson,M,"1759 - G. 18 - Regters CG, nr. 4",G. 18,"1748, 52, 56, 60",,"1727-03-21 (27 jr., Eerfort)",,1699/1700,1699-01-01/1700-12-31,Erfurt of Herford,,1761-03-08 o.,1761-03-08,,,,,,,,,,,,,,,,,,_,,,
243,,Nicolaas,van der,Meulen,M,"1759 - G. 18 - Regters CG, nr. 5",G. 18,"1750, 58, 62",,1738,,1713,1713-01-01/1713-12-31,Twisk,,1781,1781-01-01/1781-12-31,,,,,,,Nieuwendijk (1742),,chirurgijn,,,,,,,,,"W. 23 / 2630: db. 1, hr. 350, ink. 800",,,
244,,Abraham,,Richard,M,"1759 - G. 18 - Regters CG, nr. 6",G. 18,"1752, 56, 60, 64, 68, 72, 76, 80",,1726,,1702,1702-01-01/1702-12-31,Den Haag,,1787,1787-01-01/1787-12-31,,,,,,,Huidenstraat (1742),,chirurgijn,,,,,,,,,"W. 34 / 6162: db. 1, hr. 280, ink. 1000",,,
245,,Joannes,,Stijger,M,"1759 - G. 18 - Regters CG, nr. 7",G. 18,"1761 mrt., 64, 68, 72",,1726-02-29 (30 jr.),,1695/96,1695-01-01/1696-12-31 ,Amsterdam,,1775-07-04 o.,1775-07-04,,,,,,,,,chirurgijn en stadsbreukmeester 1742-1775,,,,,,,,,_,,,
246,,Myndert,van der ,Veen,M,"1766 - G. 22 - Regters GKG, a",G. 22,,,,,,,,,,,,,,,,,"Saaihal (1767, 68)",,gildeknecht,,,,,,,,,,,,
247,,Gerrit,,Meester,M,"1766 - G. 22 - Regters GKG, nr. 1",G. 22,"1734, 38, 42, 46, 50, 54n, 59, 63, 67",,,,1687-09-10,1687-09-10,Amsterdam,"DTB 77, p.518 ",1772-07-22,1772-07-22,Amsterdam,"DTB 1072, p.110",Anna Schacht,Anna Schacht (1716),1716-04-03,"DTB 552, p.222","Rokin (1742), id. hoek Gapersteeg (1768)",hervormd,drogist,,,,,,,,,"W. 25 / 3084: db. 2, hr. 1075, ink. 2000",,,
248,,Anthony,,Ruijgrok jr.,M,"1766 - G. 22 - Regters GKG, nr. 2",G. 22,"1748, 50, 54n, 1755, 59, 63, 67, 71, 75",1749 - luit. W. XXVIII 1749-71,,,1717-03-21,1717-03-21,Amsterdam,"DTB 69, p.218",1776-06-13,1776-06-13,Amsterdam,"DTB 1050, p.86vo en p.87 ",Catharina Evers Vierevant,Catharina Evers Vierevant (1741),1741-05-05 (z.l.),"DTB 584, p. 261 kerk","Koningsplein (1741, 42), Kloveniersburgwal (1776)",,zijdelintfabriqueur / zijdehandelaar,,,,,,,,,"W. 33 / 6094: db. 1, hr. 400, ink. 1500",,,kind gedoopt 1-12-1751
249,,Gerrit,,Putman,M,"1766 - G. 22 - Regters GKG, nr. 3",G. 22,"1749, 52, 55, 56n, 57, 61, 65, 69, 73, 77, 81",,,,1711-06-28,1711-06-28,Amsterdam,"DTB 17, p.9(folio 5), nr.6",1784-10-21,1784-10-21,Amsterdam,"DTB 1098, p.103vo en p.104",,,,,"Warmoesstraat (1768, 1784)",,[zijdelint]fabriqueur,,,,,,,,,_,,,
250,,Harmanus,,Ass(ch)enberg,M,"1766 - G. 22 - Regters GKG, nr. 4",G. 22,"1752, 55n, 56, 60, 64, 68, 72","1768 - luit. W. XIX 1768-76, kap. W. VIII 1776-82",,,1726-04-24,1726-04-24,Amsterdam,"DTB 101, p.119(folio 60), nr.17",1792-11-22,1792-11-22,Amsterdam,"DTB 1060, p. 72v - NK",Gosewina Mulders,Gosewina Mulders (1748),1748-12-27,"DTB 592, p. 74","Nieuwendijk (1748, id. bij Kapelsteeg, 1767)",Hervormd,zijde- en lakenwinkelier,,,,,,,,,_,,,
251,,Hendrik,,Clockener,M,"1766 - G. 22 - Regters GKG, nr. 5",G. 22,"1759n, 60, 62, 66, 70, 74, 78, 82, 86, ..","1753 - vaand. W. VII 1753-58, Zwh 1762-1795",,,1724-10-01,1724-10-01,Amsterdam,"DTB 50, p.27(folio 14), nr.14",1795-09-01,1795-09-01,Amsterdam,"DTB 1060, p. 81r - NK",Helena Toussaint,Helena Toussaint (1755),1755-05-15,"DTB 598, p.421","Warmoesstraat (1755), Beschuitmarkt (1767, 68), Warmoesstraat bij Papenbrugsteeg (1787)",,zijdehandelaar / zijdelintfabriqueur,,,,,,,,,_,,,
252,,Hendrik,,Vos,M,"1766 - G. 22 - Regters GKG, nr. 6",G. 22,"1760, 64, 68, 72",,,,1721/22,1721-01-01/1722-12-31 ,Amsterdam,,,,,,Catharina Visscher,Catharina Visscher (1751),1751-01-29,"DTB 594, p.211","Nieuwendijk (1751, id., over de Zon, 1767) N.Z. Voorburgwal (1742)?",,kruidenier (tabakswinkel - 1742),,,,,,,,,"W. 21 / 2227: db. 1, hr. 500, ink. 1500",,,
253,,Jacob,de,Jong,M,"1766 - G. 22 - Regters GKG, nr. 7",G. 22,"1758n, 59n, 62, 66, 70n",,,,1710/11,1710-01-01/1711-12-31 ,,,,,,,,,,,"Nieuwendijk (1742), Blauwburgwal (1767, 68)",,drogist,,,,,,,,,"W. 17 / 1131: db. 1, hr. 870, ink. 1500",,,
254,,Franco Jan,,Amelius/ (A)emilius,M,"1766 - G. 22 - Regters GKG, nr. 8",G. 22,1766,,,,1740/45 ca.,1738-01-01/1747-12-31,,,"1800-12-28, b. 1801-01-09",1800-12-28,Amsterdam,"DTB 1073, p.49vo en p.50",Anna van der Beek,Anna van der Beek (1765),1765-08-23,"DTB 610, p.172","Leidsestraat bij Hg (1767, 68), Herengracht bij Utrechtsestraat (1795)",,ijzerkramer,,,,,,,,,_,,,"ijzergieterij onder de firma Weduwe Abraham van der Valk (Decreeten van de Provisioneele repræsentanten van het volk van Holland, dl. 6, stuk 1 (nov.-dec. 1795), Den Haag 1798"
255,,Isaac,van,Zaan / Zanen,M,"1766 - G. 22 - Regters GKG, nr. niet",G. 22,"1736, 40, 44, 48, 52, 56n, 57, 61, 65",,,,1691/92,1691-01-01/1692-12-31 ,Amsterdam,,1766-04-24,1766-04-24,Amsterdam,DTB 1050. p. 19v-20r.,Susanna Wessels,Susanna Wessels (1716),1716-11-13 (24 jr.),"DTB 553, p. 90 kerk","Gasthuismolensteeg (1716)/ Leliegracht (1766), Koningsplein (1768), Warmoesstraat (1742)",,neurenburgier,,,,,,,,,"W. 6 / 1274: db 1, hr. 820, ink. 2500",,,
256,Mr.,Christiaan,,Scholten,M,"1791-95 - OCW. 3 - Hendriks OCW, nr. 1",OCW. 3,O.C.W. 1748-1795,,,,1722-06-13 g.o.,1722-06-13,Amsterdam,,1799-11-06 o.,1799-11-06,Amsterdam,,Johanna Vatharina van Wesele van Oud-Haarlem,Johanna Vatharina van Wesele (1750),1750-12-23 (28 jr.),Den Haag,,,,,,,,,,,,,,,
257,,Christiaan,van,Orsoy,M,"1791-95 - OCW. 3 - Hendriks OCW, nr. 2",OCW. 3,O.C.W. 1770-1795,,,,1740-08-31 g.o.,1740-08-31,Amsterdam,,1808-12-05 o.,1808-12-05,Amsterdam,,Veronica Haesbaert (1747-1804),Veronica Haesbaert (1766),1766,,,,,,,,,,,,,,,,
258,,Jan Petrus,,Scholten van Aschat,M,"1791-95 - OCW. 3 - Hendriks OCW, nr. 3",OCW. 3,O.C.W. 1786-1795,,,,1754-03-24 g.o.,1754-03-24,Amsterdam,,1816-07-22 o.,1816-07-22,Den Haag,,Adelaïde Marie van Deneken (1757-1812),Adelaïde Marie van Deneken (1786),1786-04-16 (32 jr.),Amsterdam,,,,,,,,,,,,,,,
259,,Frederik Alexander,,Vernède,M,"1791-95 - OCW. 3 - Hendriks OCW, nr. 4",OCW. 3,O.C.W. 1791-1795,,,,1766-12-25 g.,1766-12-25,Amsterdam,"DTB 135, p. 368",1806-04-24 o.,1806-04-24,Middelburg,,,,,,,,,,,,,,,,,,,,
